CASEID,cnty,regn,CD1,CD7@a,X1,zipcode,inclusion1,inclusion101,inclusion2,inclusion3,inclusion4,inclusion5,inclusion6,inclusion10,age,agecat,races,imprace,laborforce,newinc,educat4
f1046,26125,6,2,1,2,48328,45,40,20,15,1,4,2,2,64.00,6.00,1.00,1.00,1.00,8.00,3.00
f1072,26081,3,1,1,3,49418,20,60,7,,3,2,,5,54.00,5.00,1.00,1.00,2.00,10.00,3.00
f1121,26125,6,1,7,3,48098,20,65,8,8,1,2,3,1,82.00,7.00,1.00,1.00,1.00,11.00,4.00
f1125,26081,3,2,1,1,49331,75,,,,,2,2,1,78.00,7.00,1.00,1.00,2.00,,3.00
f1168,26155,4,1,7,1,48817,45,50,15,15,1,1,3,2,69.00,7.00,1.00,1.00,2.00,5.00,3.00
f1189,26065,5,2,4,2,48911,20,75,1,10,1,4,2,1,56.00,5.00,2.00,2.00,1.00,9.00,4.00
f1224,26045,5,1,7,1,48813,25,50,10,10,1,2,3,4,66.00,7.00,1.00,1.00,2.00,7.00,4.00
f1234,26099,6,2,1,3,48094,,,,,1,2,,,46.00,4.00,1.00,1.00,1.00,10.00,3.00
f1310,26021,5,1,0,2,49085,15,70,3,5,3,2,3,4,38.00,3.00,1.00,1.00,1.00,11.00,4.00
f1373,26065,5,2,4,3,48864,20,70,10,8,1,3,4,1,70.00,7.00,1.00,1.00,2.00,10.00,4.00
f1406,26099,6,1,0,3,48088,35,45,5,7,1,2,1,2,45.00,4.00,1.00,1.00,1.00,8.00,3.00
f1441,26049,6,1,0,2,48473,40,40,5,10,1,4,2,5,67.00,7.00,1.00,1.00,2.00,4.00,3.00
f1446,26139,3,1,0,4,49423,15,80,3,5,1,3,1,5,39.00,3.00,1.00,1.00,1.00,8.00,4.00
f1448,26081,3,1,1,2,48043,16,80,4,1,1,2,1,2,24.00,1.00,1.00,1.00,1.00,9.00,4.00
f1449,26099,6,1,4,2,48071,15,75,3,8,1,3,2,1,44.00,4.00,1.00,1.00,1.00,7.00,3.00
f1536,26099,6,1,4,3,48009,35,60,5,20,1,1,4,2,46.00,4.00,1.00,1.00,1.00,11.00,4.00
f1545,26121,3,1,7,2,49445,18,75,5,5,2,3,2,2,78.00,7.00,1.00,1.00,2.00,6.00,4.00
f1548,26049,6,1,0,2,48430,40,40,10,0,1,3,1,4,67.00,7.00,1.00,1.00,1.00,11.00,2.00
f1597,26045,5,2,1,,49068,50,50,20,20,1,3,1,1,73.00,7.00,1.00,1.00,2.00,3.00,2.00
f1613,26055,2,1,4,2,49690,35,35,15,30,1,1,2,2,34.00,3.00,1.00,1.00,1.00,10.00,2.00
f1628,26145,4,1,0,1,48601,,,,,1,3,,5,67.00,7.00,1.00,1.00,2.00,5.00,2.00
f1656,26163,6,1,1,2,48185,15,65,10,,1,3,,5,52.00,5.00,1.00,1.00,1.00,9.00,3.00
f1842,26161,6,2,7,2,48843,20,74,3,15,1,5,4,1,74.00,7.00,1.00,1.00,1.00,4.00,4.00
f1852,26035,4,2,7,1,48622,,60,20,30,1,1,4,4,79.00,7.00,1.00,1.00,2.00,3.00,2.00
f1857,26125,6,1,4,3,48083,23,62,5,10,,,4,1,27.00,2.00,1.00,1.00,1.00,10.00,4.00
f1859,26163,6,2,1,2,48170,40,50,10,25,3,1,2,2,24.00,1.00,1.00,1.00,1.00,3.00,4.00
f1884,26059,5,2,4,1,49252,,,,,3,3,1,2,58.00,5.00,1.00,1.00,1.00,8.00,3.00
f1985,26125,6,1,1,2,48386,20,60,5,5,3,2,1,5,66.00,7.00,1.00,1.00,1.00,9.00,3.00
f2142,26145,4,2,1,3,48609,20,75,2,5,1,3,1,3,61.00,6.00,1.00,1.00,1.00,10.00,3.00
f2246,26125,6,2,1,3,48072,25,50,10,10,1,1,3,4,38.00,3.00,1.00,1.00,1.00,11.00,3.00
f2270,26125,6,1,7,3,48043,11,80,3,1,1,3,4,1,35.00,3.00,1.00,1.00,2.00,2.00,3.00
f2312,26165,2,1,7,2,49601,30,60,5,10,1,4,4,2,60.00,6.00,1.00,1.00,1.00,3.00,2.00
f2412,26065,5,1,0,1,48821,24,65,8,6,1,3,1,1,19.00,1.00,1.00,1.00,1.00,7.00,3.00
f2440,26081,3,2,1,2,49424,30,60,5,20,1,4,1,2,54.00,5.00,1.00,1.00,1.00,10.00,3.00
f2549,26163,7,1,4,4,48126,25,65,10,10,3,3,1,2,59.00,5.00,1.00,1.00,1.00,7.00,4.00
f2633,26081,3,1,7,3,49525,20,75,7,2,3,2,2,2,43.00,4.00,5.00,3.00,1.00,8.00,3.00
f2666,26065,5,2,4,2,48823,40,40,30,30,1,3,3,2,55.00,5.00,1.00,1.00,1.00,10.00,4.00
f2694,26043,1,2,7,1,49892,60,40,3,20,1,3,1,4,57.00,5.00,1.00,1.00,1.00,3.00,3.00
f2856,26163,7,2,7,3,48124,30,60,10,20,1,3,4,1,54.00,5.00,1.00,1.00,1.00,5.00,2.00
f2948,26081,3,2,7,2,49548,,,,,2,2,,,57.00,5.00,1.00,1.00,1.00,8.00,4.00
f3034,26065,5,1,0,2,48842,,,,,3,1,3,1,54.00,5.00,1.00,1.00,1.00,7.00,3.00
f3049,26125,6,2,7,3,48375,50,50,20,20,1,1,3,1,46.00,4.00,1.00,1.00,1.00,10.00,4.00
f3063,26091,6,2,7,4,49221,40,50,30,70,,,3,2,64.00,6.00,,1.00,2.00,2.00,3.00
f3091,26099,6,2,1,1,48079,35,65,,40,1,4,4,4,52.00,5.00,1.00,1.00,1.00,10.00,4.00
f3169,26077,5,1,1,2,49080,30,60,10,15,1,2,3,4,50.00,5.00,1.00,1.00,1.00,11.00,4.00
f3179,26163,7,1,4,3,48240,40,50,12,20,1,3,3,2,53.00,5.00,1.00,1.00,1.00,10.00,3.00
f3292,26099,6,1,1,3,48036,20,60,2,10,3,2,2,5,54.00,5.00,1.00,1.00,1.00,11.00,4.00
f3393,26163,7,2,0,3,48335,30,60,7,15,1,3,3,3,51.00,5.00,2.00,2.00,1.00,10.00,4.00
f3488,26099,6,1,1,3,48313,30,70,35,6,2,2,1,5,58.00,5.00,1.00,1.00,1.00,7.00,2.00
f3548,26125,6,1,4,4,48091,60,30,30,5,2,1,1,4,56.00,5.00,1.00,1.00,2.00,2.00,1.00
f3661,26081,3,2,7,3,49341,60,40,30,30,1,1,1,1,66.00,7.00,1.00,1.00,2.00,3.00,2.00
f3952,26159,5,2,7,2,49045,12,70,2,10,1,3,3,1,73.00,7.00,1.00,1.00,2.00,2.00,4.00
f4008,26125,6,1,1,3,48336,75,25,30,10,1,4,1,1,43.00,4.00,2.00,2.00,1.00,5.00,3.00
f4071,26165,2,1,7,1,49601,20,50,30,,1,4,1,,68.00,7.00,1.00,1.00,2.00,4.00,3.00
f4143,26031,2,2,4,4,49701,35,50,20,25,1,4,2,2,72.00,7.00,1.00,1.00,1.00,5.00,3.00
f4216,26099,6,1,1,3,48168,,,,,3,4,,,72.00,7.00,1.00,1.00,2.00,8.00,4.00
f4475,26049,6,1,0,2,48430,50,40,10,10,1,3,1,5,52.00,5.00,1.00,1.00,1.00,11.00,4.00
f4538,26091,6,1,1,2,49221,40,40,2,3,,2,1,1,43.00,4.00,1.00,1.00,1.00,7.00,4.00
f4757,26005,3,1,4,2,49051,40,40,10,20,1,1,1,5,32.00,3.00,1.00,1.00,2.00,4.00,2.00
f4833,26115,6,1,1,1,48159,25,50,,,1,3,,5,36.00,3.00,1.00,1.00,1.00,10.00,3.00
f4961,26161,6,2,4,2,48198,65,45,45,35,3,3,3,4,60.00,6.00,1.00,1.00,2.00,3.00,4.00
f5071,26163,7,2,1,2,48122,50,60,30,3,3,1,1,5,60.00,6.00,1.00,1.00,2.00,7.00,3.00
f5072,26049,6,1,7,2,48506,50,40,5,,3,1,3,1,67.00,7.00,2.00,2.00,2.00,2.00,3.00
f5134,26163,7,2,4,3,48044,20,75,2,10,1,3,3,2,59.00,5.00,2.00,2.00,1.00,11.00,4.00
f5287,26163,7,1,1,2,48240,20,70,5,10,1,2,1,2,57.00,5.00,1.00,1.00,1.00,4.00,4.00
f5414,26163,7,2,7,4,48202,20,70,25,10,2,3,3,2,24.00,1.00,1.00,1.00,1.00,9.00,4.00
f5474,26049,6,2,4,3,48507,50,40,7,20,1,4,3,4,61.00,6.00,1.00,1.00,1.00,5.00,3.00
f5634,26039,2,2,7,1,48656,20,65,2,5,1,1,4,1,59.00,5.00,1.00,1.00,,8.00,4.00
f5679,26039,2,2,4,2,48647,40,40,10,20,1,3,3,2,57.00,5.00,1.00,1.00,2.00,2.00,3.00
f5754,26081,3,2,1,1,48815,40,60,10,30,1,3,3,2,70.00,7.00,1.00,1.00,2.00,3.00,4.00
f5777,26025,5,1,7,2,49015,15,90,2,4,1,1,3,1,77.00,7.00,2.00,2.00,2.00,4.00,3.00
f5845,26125,6,1,4,3,48025,30,50,5,5,3,2,1,5,48.00,4.00,1.00,1.00,1.00,11.00,4.00
f5848,26161,6,2,4,1,48191,50,50,30,25,2,2,4,1,19.00,1.00,1.00,1.00,2.00,10.00,3.00
f5881,26065,5,2,7,2,48823,26,60,15,20,3,3,3,2,63.00,6.00,1.00,1.00,1.00,10.00,4.00
f5925,26125,6,1,,3,48332,20,40,20,30,1,2,4,2,26.00,2.00,1.00,1.00,1.00,11.00,3.00
f6003,26033,1,2,4,1,49724,20,70,5,2,,2,1,5,50.00,5.00,,1.00,1.00,8.00,4.00
f6007,26107,3,1,7,1,49307,20,60,10,20,3,2,2,2,26.00,2.00,,1.00,1.00,10.00,4.00
f6019,26163,7,1,1,3,48180,24,65,3,1,3,2,1,5,48.00,4.00,1.00,1.00,1.00,8.00,4.00
f6055,26065,5,1,7,1,48848,20,70,4,10,1,4,2,4,72.00,7.00,1.00,1.00,1.00,11.00,4.00
f6104,26125,6,2,7,,48224,100,100,,50,1,4,3,,71.00,7.00,2.00,2.00,2.00,2.00,3.00
f6192,26065,5,1,0,1,49285,25,60,7,5,1,2,3,2,26.00,2.00,1.00,1.00,1.00,5.00,2.00
f6312,26163,7,1,7,4,48125,30,65,4,10,1,5,3,2,20.00,1.00,,2.00,2.00,6.00,3.00
f6413,26163,7,1,,3,48076,30,60,20,10,,1,4,1,70.00,7.00,2.00,2.00,1.00,11.00,2.00
f6590,26125,6,2,4,3,48309,40,40,5,20,1,4,4,1,32.00,3.00,1.00,1.00,1.00,6.00,4.00
f6746,26061,1,2,4,2,49913,40,50,10,5,1,2,,4,52.00,5.00,1.00,1.00,2.00,5.00,3.00
f6807,26081,3,1,7,3,49301,35,55,10,10,,,2,3,38.00,3.00,1.00,1.00,1.00,8.00,4.00
f6811,26145,4,2,7,2,48601,30,50,5,2,2,5,4,3,71.00,7.00,2.00,2.00,1.00,4.00,3.00
f7095,26163,7,2,7,3,48126,,,,,3,4,,,23.00,1.00,2.00,2.00,1.00,2.00,3.00
f7115,26065,5,1,4,1,49068,30,60,4,10,1,2,3,2,55.00,5.00,1.00,1.00,1.00,10.00,3.00
f7164,26163,7,2,1,1,48118,40,80,20,15,3,1,,4,60.00,6.00,1.00,1.00,2.00,,3.00
f7216,26125,6,1,7,3,48326,30,65,1,2,1,2,2,1,72.00,7.00,1.00,1.00,2.00,10.00,4.00
f7372,26035,4,2,4,1,49631,65,40,2,45,1,3,1,1,29.00,2.00,1.00,1.00,2.00,5.00,4.00
f7475,26125,6,2,4,3,48312,,,,,1,3,1,2,48.00,4.00,1.00,1.00,1.00,7.00,4.00
f7495,26081,3,2,,3,49548,50,50,20,10,2,2,4,2,84.00,7.00,1.00,1.00,1.00,3.00,2.00
f7598,26147,6,2,7,1,48416,40,40,35,25,1,5,2,5,52.00,5.00,1.00,1.00,1.00,5.00,3.00
f7613,26163,7,2,4,4,48094,60,40,20,30,2,3,4,1,68.00,7.00,5.00,3.00,2.00,1.00,1.00
f7618,26081,3,1,4,3,49507,18,70,5,5,1,2,,2,58.00,5.00,1.00,1.00,1.00,10.00,4.00
f7619,26145,4,2,7,1,48883,40,55,2,10,1,2,4,1,28.00,2.00,1.00,1.00,1.00,5.00,4.00
f7677,26125,6,1,4,3,48076,30,50,5,2,2,3,4,1,47.00,4.00,2.00,2.00,,11.00,4.00
f7706,26161,6,1,0,2,48197,39,45,15,25,1,5,2,5,26.00,2.00,1.00,1.00,1.00,6.00,2.00
f7871,26021,5,1,4,2,49117,30,40,15,10,1,1,3,2,69.00,7.00,1.00,1.00,1.00,10.00,4.00
f7877,26117,3,2,0,1,48838,50,50,5,35,3,2,1,4,54.00,5.00,1.00,1.00,1.00,8.00,3.00
f7952,26035,4,1,4,1,48625,50,40,25,30,1,3,3,2,44.00,4.00,1.00,1.00,1.00,4.00,3.00
f8024,26125,6,1,0,3,48335,20,50,10,15,1,2,3,4,41.00,4.00,1.00,1.00,2.00,11.00,4.00
f8199,26125,6,1,4,2,48228,7,15,40,35,1,2,4,1,44.00,4.00,2.00,2.00,1.00,3.00,2.00
f8307,26055,2,1,4,3,49686,30,60,10,5,1,2,2,2,25.00,2.00,1.00,1.00,1.00,8.00,4.00
f8393,26099,6,1,1,3,48310,20,55,10,2,1,1,1,4,22.00,1.00,1.00,1.00,1.00,11.00,2.00
f8455,26161,6,1,4,4,48104,25,60,10,10,3,1,4,1,60.00,6.00,1.00,1.00,1.00,9.00,4.00
f8480,26125,6,2,1,2,49629,40,50,10,15,1,3,1,2,76.00,7.00,1.00,1.00,2.00,8.00,4.00
g1004,26065,5,1,4,1,48820,,,,,1,2,4,5,,,,1.00,,,4.00
g1101,26059,5,1,4,3,48133,70,40,15,2,1,5,2,1,58.00,5.00,1.00,1.00,2.00,4.00,2.00
g1123,26139,3,1,4,1,49464,30,40,15,15,1,2,4,2,70.00,7.00,,1.00,2.00,6.00,4.00
g1166,26049,6,2,4,2,48433,30,60,5,25,,5,3,4,47.00,4.00,1.00,1.00,1.00,5.00,4.00
g1292,26065,5,2,4,4,48917,40,60,20,20,,2,4,4,58.00,5.00,1.00,1.00,1.00,8.00,4.00
g1312,26149,5,1,1,3,48188,,,,,2,5,,5,51.00,5.00,1.00,1.00,1.00,10.00,3.00
g1365,26125,6,2,1,2,48069,22,80,4,10,1,2,3,2,39.00,3.00,1.00,1.00,1.00,11.00,4.00
g1378,26163,7,2,7,4,48214,60,40,15,10,1,1,2,1,62.00,6.00,2.00,2.00,2.00,2.00,3.00
g1382,26017,4,1,4,3,48732,20,70,4,1,3,2,1,5,71.00,7.00,1.00,1.00,2.00,8.00,4.00
g1395,26087,6,2,7,2,48444,,,,,3,3,4,2,68.00,7.00,1.00,1.00,2.00,2.00,3.00
g1414,26049,6,1,1,1,48433,30,50,10,1,1,4,4,4,28.00,2.00,1.00,1.00,1.00,7.00,4.00
g1415,26065,5,2,0,2,48820,45,45,10,20,1,3,2,2,,,1.00,1.00,2.00,,4.00
g1471,26125,6,2,7,3,48307,35,45,6,10,1,2,3,2,77.00,7.00,1.00,1.00,2.00,5.00,3.00
g1510,26025,5,1,0,3,49015,20,60,5,10,3,2,2,2,53.00,5.00,1.00,1.00,1.00,11.00,4.00
g1546,26145,4,2,1,1,48722,70,30,20,30,2,2,3,2,59.00,5.00,1.00,1.00,1.00,8.00,4.00
g1563,26017,4,2,7,2,48708,30,50,5,10,1,3,4,2,40.00,4.00,1.00,1.00,1.00,10.00,4.00
g1578,26049,6,2,7,2,48423,35,60,7,4,1,2,2,2,47.00,4.00,1.00,1.00,2.00,10.00,4.00
g1594,26005,3,1,0,1,49078,30,60,,,1,3,1,5,53.00,5.00,1.00,1.00,1.00,,3.00
g1718,26125,6,1,7,3,48393,35,60,5,30,2,1,4,1,32.00,3.00,2.00,2.00,1.00,10.00,4.00
g1787,26161,6,1,7,2,48197,30,55,2,5,1,3,3,2,52.00,5.00,1.00,1.00,1.00,11.00,4.00
g1788,26017,4,2,1,1,48652,40,40,25,2,1,3,1,2,61.00,6.00,1.00,1.00,2.00,2.00,3.00
g1801,26065,5,1,4,2,48848,30,50,5,5,1,3,1,5,47.00,4.00,1.00,1.00,1.00,11.00,2.00
g1879,26081,3,1,4,3,49512,9,80,3,5,3,3,1,5,29.00,2.00,1.00,1.00,1.00,9.00,4.00
g1899,26147,6,1,7,3,48059,40,40,5,2,1,4,2,1,56.00,5.00,1.00,1.00,1.00,6.00,3.00
g1925,26045,5,2,0,3,48823,33,33,5,15,3,3,4,2,57.00,5.00,1.00,1.00,1.00,5.00,3.00
g2060,26025,5,2,4,2,49058,32,52,8,4,3,3,1,4,60.00,6.00,1.00,1.00,2.00,10.00,4.00
g2179,26125,6,2,4,2,48116,15,85,30,,1,2,4,2,66.00,7.00,1.00,1.00,2.00,9.00,3.00
g2367,26081,3,2,1,2,49418,40,40,15,15,,,1,4,76.00,7.00,,1.00,2.00,,3.00
g2426,26075,5,1,7,,49201,15,60,2,10,1,3,3,2,61.00,6.00,1.00,1.00,2.00,5.00,3.00
g2529,26081,3,2,4,1,49341,43,50,1,40,1,5,2,3,35.00,3.00,1.00,1.00,1.00,2.00,3.00
g2684,26037,4,2,4,1,48879,13,70,5,8,1,4,1,3,64.00,6.00,,1.00,1.00,9.00,4.00
g2759,26163,6,2,1,2,48393,20,20,5,20,2,3,1,4,47.00,4.00,1.00,1.00,2.00,1.00,3.00
g2761,26145,4,1,7,2,48601,85,80,30,40,3,2,4,5,39.00,3.00,1.00,1.00,1.00,1.00,2.00
g2848,26161,6,1,1,2,48114,13,54,3,2,1,4,1,4,60.00,6.00,,1.00,1.00,11.00,4.00
g2912,26081,3,2,0,1,49302,36,60,4,12,1,2,3,1,33.00,3.00,1.00,1.00,1.00,7.00,4.00
g3066,26109,1,2,1,2,49858,,55,,,1,2,1,4,65.00,7.00,1.00,1.00,2.00,8.00,3.00
g3084,26049,6,1,1,3,48509,15,70,5,3,1,3,2,2,69.00,7.00,1.00,1.00,2.00,,4.00
g3189,26065,5,2,7,4,48911,80,100,50,75,2,3,4,1,62.00,6.00,1.00,1.00,2.00,1.00,3.00
g3282,26163,7,2,4,3,48230,30,65,15,5,1,3,3,2,72.00,7.00,1.00,1.00,2.00,5.00,3.00
g3501,26065,5,2,7,2,48840,,,,,2,1,2,2,76.00,7.00,1.00,1.00,2.00,11.00,4.00
g3506,26065,5,2,7,4,48906,30,50,15,20,1,2,4,1,75.00,7.00,2.00,2.00,2.00,4.00,3.00
g3730,26139,3,2,7,2,49424,20,70,10,20,1,3,3,2,58.00,5.00,1.00,1.00,2.00,6.00,4.00
g3764,26163,6,2,7,3,48114,50,50,30,40,1,4,2,5,30.00,3.00,1.00,1.00,1.00,10.00,4.00
g3936,26071,1,1,0,1,49935,40,40,,,2,4,1,,62.00,6.00,1.00,1.00,1.00,,4.00
g4015,26007,2,2,1,1,48621,,,,,1,3,1,2,70.00,7.00,1.00,1.00,2.00,,4.00
g4016,26125,6,2,7,2,49024,25,40,15,15,1,2,2,4,26.00,2.00,2.00,2.00,2.00,7.00,4.00
g4062,26163,7,1,4,1,48180,,50,20,5,1,2,1,2,67.00,7.00,1.00,1.00,2.00,7.00,3.00
g4090,26077,5,2,4,1,49079,,,,,1,3,,5,72.00,7.00,1.00,1.00,2.00,4.00,4.00
g4175,26125,6,1,4,3,48348,15,60,10,10,1,4,2,1,71.00,7.00,1.00,1.00,1.00,11.00,4.00
g4178,26163,7,2,7,3,48304,51,40,25,25,1,4,3,1,58.00,5.00,1.00,1.00,1.00,11.00,3.00
g4182,26163,7,2,4,3,48180,65,35,25,15,,2,1,,59.00,5.00,2.00,2.00,1.00,6.00,4.00
g4284,26081,3,2,4,2,49519,45,60,10,5,1,2,1,2,66.00,7.00,1.00,1.00,2.00,7.00,4.00
g4298,26125,6,2,,3,48324,27,55,2,8,2,4,1,5,54.00,5.00,1.00,1.00,1.00,11.00,3.00
g4410,26103,1,2,0,1,49855,25,65,15,15,3,2,1,2,56.00,5.00,1.00,1.00,1.00,8.00,4.00
g4490,26163,7,1,0,2,48227,30,50,20,15,1,3,1,4,64.00,6.00,1.00,1.00,2.00,2.00,4.00
g4592,26033,1,2,4,2,49788,70,30,10,25,,,4,1,44.00,4.00,1.00,1.00,2.00,7.00,2.00
g4667,26081,3,2,7,3,49507,12,85,5,10,1,2,3,2,50.00,5.00,2.00,2.00,1.00,10.00,4.00
j1001,26161,6,1,4,4,48124,,,40,,1,3,1,5,71.00,7.00,1.00,1.00,2.00,5.00,2.00
j1015,26105,3,1,1,2,49431,25,65,3,25,2,1,1,4,46.00,4.00,1.00,1.00,1.00,8.00,2.00
j1016,26059,5,2,1,2,49082,,,,,,,,,31.00,3.00,1.00,1.00,1.00,6.00,3.00
j1029,26125,6,1,1,1,48350,28,65,5,12,3,4,1,5,40.00,4.00,1.00,1.00,1.00,11.00,3.00
j1038,26125,6,2,7,3,48312,40,40,10,30,1,3,1,5,52.00,5.00,1.00,1.00,1.00,5.00,3.00
j1053,26049,6,2,7,2,48473,25,50,25,60,1,4,3,1,45.00,4.00,1.00,1.00,1.00,1.00,4.00
j1056,26155,4,1,1,2,48187,45,52,1,1,3,3,1,5,71.00,7.00,1.00,1.00,2.00,7.00,4.00
j1063,26163,7,1,7,4,48206,65,65,25,50,1,3,4,1,43.00,4.00,2.00,2.00,1.00,6.00,2.00
j1074,26065,5,1,4,2,48912,30,70,20,30,3,2,2,2,69.00,7.00,,1.00,2.00,5.00,4.00
j1080,26163,7,2,1,3,48236,75,25,40,40,1,4,1,2,74.00,7.00,1.00,1.00,2.00,6.00,4.00
j1091,26125,6,1,4,3,48090,42,60,8,30,3,2,3,1,29.00,2.00,2.00,2.00,1.00,11.00,4.00
j1130,26139,3,1,1,1,49464,20,60,10,3,1,4,1,5,52.00,5.00,1.00,1.00,1.00,7.00,3.00
j1144,26149,5,1,4,2,49091,40,51,12,20,2,2,2,4,66.00,7.00,1.00,1.00,1.00,7.00,3.00
j1156,26125,6,2,7,3,,30,50,20,20,1,4,4,1,30.00,3.00,2.00,2.00,2.00,3.00,4.00
j1160,26055,2,1,4,1,49601,30,65,1,10,1,4,2,1,57.00,5.00,1.00,1.00,1.00,6.00,4.00
j1167,26075,5,2,7,2,49230,25,40,10,15,1,5,3,1,61.00,6.00,1.00,1.00,1.00,5.00,3.00
j1193,26081,3,1,1,4,49504,,,,,1,3,,,56.00,5.00,1.00,1.00,1.00,10.00,4.00
j1195,26099,6,2,1,3,48092,70,50,50,,1,2,1,2,64.00,6.00,1.00,1.00,2.00,7.00,2.00
j1215,26049,6,1,4,2,48423,28,66,12,4,3,2,2,2,49.00,4.00,1.00,1.00,1.00,10.00,4.00
j1223,26159,5,2,1,2,49450,56,36,4,11,1,4,1,2,45.00,4.00,1.00,1.00,2.00,7.00,2.00
j1260,26099,6,2,7,2,48062,25,35,10,3,1,2,1,4,67.00,7.00,1.00,1.00,2.00,,4.00
j1265,26161,6,1,4,2,48108,40,40,10,30,1,3,3,2,37.00,3.00,1.00,1.00,1.00,11.00,4.00
j1270,26081,3,2,1,2,49014,50,40,,30,1,2,3,5,54.00,5.00,1.00,1.00,2.00,7.00,2.00
j1297,26125,6,2,7,1,49234,32,57,18,10,1,1,2,1,70.00,7.00,1.00,1.00,2.00,6.00,4.00
j1304,26163,6,1,7,2,48306,20,80,8,2,3,2,1,4,65.00,7.00,1.00,1.00,2.00,11.00,4.00
j1314,26055,2,1,1,1,49649,60,40,10,10,1,3,1,5,67.00,7.00,1.00,1.00,1.00,6.00,3.00
j1325,26049,6,1,7,2,49615,30,50,60,10,1,2,4,1,67.00,7.00,1.00,1.00,2.00,10.00,4.00
j1333,26145,4,1,4,1,48650,,,,,1,3,1,,69.00,7.00,1.00,1.00,2.00,10.00,4.00
j1340,26161,6,1,7,3,48103,15,60,10,12,1,2,4,2,35.00,3.00,1.00,1.00,1.00,7.00,4.00
j1341,26125,6,2,1,3,48326,30,60,10,3,1,3,3,5,61.00,6.00,1.00,1.00,2.00,8.00,2.00
j1359,26081,3,1,1,3,49009,,,,,1,2,1,4,58.00,5.00,1.00,1.00,1.00,7.00,4.00
j1363,26075,5,1,4,2,49301,40,40,10,5,3,1,1,1,72.00,7.00,1.00,1.00,2.00,2.00,2.00
j1372,26077,5,1,7,2,49090,20,70,7,5,1,2,2,4,63.00,6.00,1.00,1.00,2.00,8.00,4.00
j1390,26155,4,2,4,,48867,25,75,10,25,3,3,1,1,65.00,7.00,1.00,1.00,1.00,2.00,4.00
j1399,26025,5,2,4,2,49017,47,38,,,3,1,,5,77.00,7.00,1.00,1.00,2.00,6.00,3.00
j1400,26099,6,1,4,3,48315,20,65,7,15,1,1,2,2,65.00,7.00,1.00,1.00,2.00,8.00,4.00
j1410,26077,5,1,1,1,49078,20,80,2,1,1,3,1,,75.00,7.00,1.00,1.00,1.00,4.00,3.00
j1411,26099,6,1,4,3,48314,25,60,8,3,1,3,1,2,61.00,6.00,1.00,1.00,1.00,9.00,4.00
j1417,26025,5,1,4,4,49017,15,70,6,5,1,4,2,5,56.00,5.00,1.00,1.00,1.00,10.00,4.00
j1418,26017,4,1,7,3,48708,18,60,7,7,1,4,1,4,64.00,6.00,1.00,1.00,2.00,9.00,3.00
j1424,26125,6,2,1,2,48609,42,43,10,25,1,2,3,4,25.00,2.00,1.00,1.00,1.00,4.00,3.00
j1438,26081,3,2,1,2,49331,50,40,3,10,3,2,1,5,33.00,3.00,1.00,1.00,1.00,10.00,4.00
j1449,26163,7,2,4,3,48101,20,60,10,5,3,1,1,4,61.00,6.00,1.00,1.00,2.00,5.00,4.00
j1461,26163,7,1,4,4,48213,20,45,10,10,1,3,3,4,59.00,5.00,2.00,2.00,1.00,4.00,4.00
j1463,26099,6,1,7,2,48038,35,80,7,15,1,3,4,1,56.00,5.00,2.00,2.00,2.00,10.00,4.00
j1487,26127,3,2,1,2,49436,30,40,10,10,1,2,1,1,68.00,7.00,1.00,1.00,1.00,7.00,4.00
j1492,26103,1,2,7,2,49866,40,50,5,20,3,2,3,1,35.00,3.00,1.00,1.00,1.00,10.00,3.00
j1507,26155,4,1,1,2,48867,40,60,12,5,3,3,1,5,62.00,6.00,,1.00,2.00,11.00,2.00
j1514,26125,6,1,4,2,48316,12,73,4,1,1,3,1,4,76.00,7.00,1.00,1.00,2.00,10.00,3.00
j1521,26125,6,2,1,4,48336,40,50,5,20,1,2,2,4,26.00,2.00,1.00,1.00,1.00,5.00,2.00
j1526,26125,6,2,7,3,48327,50,50,10,25,1,2,3,1,19.00,1.00,1.00,1.00,1.00,,3.00
j1528,26099,6,2,1,2,48023,50,50,35,45,3,3,2,2,18.00,1.00,1.00,1.00,1.00,2.00,2.00
j1544,26081,3,1,4,3,49509,15,75,4,10,1,2,2,4,60.00,6.00,1.00,1.00,1.00,6.00,4.00
j1560,26163,7,1,1,3,48224,20,70,5,10,1,2,4,1,35.00,3.00,2.00,2.00,1.00,4.00,4.00
j1564,26075,5,1,0,1,48158,30,60,1,1,1,1,1,4,60.00,6.00,,1.00,,8.00,3.00
j1578,26125,6,1,7,3,48375,20,70,3,15,,,3,1,45.00,4.00,4.00,3.00,1.00,11.00,4.00
j1586,26099,6,2,4,4,48093,50,50,20,50,2,2,3,1,25.00,2.00,2.00,2.00,1.00,3.00,3.00
j1590,26125,6,2,0,3,48025,55,45,5,5,1,2,1,2,49.00,4.00,1.00,1.00,1.00,10.00,4.00
j1602,26077,5,1,1,2,49079,42,50,6,,1,4,1,2,56.00,5.00,1.00,1.00,2.00,,2.00
j1626,26081,3,1,7,2,49505,,,,,1,2,4,2,22.00,1.00,2.00,2.00,1.00,4.00,3.00
j1635,26125,6,2,7,1,48076,,,,,1,2,,,40.00,4.00,2.00,2.00,1.00,8.00,3.00
j1647,26081,3,1,1,3,49548,70,,20,,1,5,1,2,70.00,7.00,1.00,1.00,2.00,2.00,2.00
j1668,26081,3,2,7,4,49506,30,50,10,15,1,2,4,2,65.00,7.00,1.00,1.00,1.00,7.00,4.00
j1695,26125,6,2,0,2,48371,30,40,10,15,,,2,2,49.00,4.00,1.00,1.00,1.00,11.00,4.00
j1717,26125,6,1,4,2,,25,50,12,,1,2,1,5,48.00,4.00,1.00,1.00,1.00,9.00,3.00
j1719,26125,6,2,7,2,48207,46,48,12,,1,4,4,3,66.00,7.00,2.00,2.00,2.00,2.00,4.00
j1729,26093,6,1,4,3,48843,12,80,8,5,,,4,2,35.00,3.00,1.00,1.00,1.00,10.00,3.00
j1735,26103,1,1,4,1,49950,15,70,4,3,1,4,2,5,36.00,3.00,1.00,1.00,1.00,2.00,3.00
j1741,26163,7,2,0,2,48127,,,,,1,3,,2,60.00,6.00,1.00,1.00,1.00,5.00,4.00
j1755,26065,5,2,1,1,48860,50,50,10,25,1,1,,3,68.00,7.00,1.00,1.00,2.00,10.00,4.00
j1775,26081,3,2,1,1,49331,,,,,2,2,1,5,68.00,7.00,1.00,1.00,2.00,5.00,4.00
j1790,26059,5,2,1,2,49258,,80,,,3,2,1,,30.00,3.00,1.00,1.00,1.00,6.00,3.00
j1830,26125,6,2,7,3,48310,12,45,6,13,1,2,2,2,62.00,6.00,1.00,1.00,1.00,5.00,3.00
j1834,26125,6,1,4,3,48085,25,65,10,10,1,1,4,4,72.00,7.00,1.00,1.00,2.00,8.00,3.00
j1843,26081,3,1,4,3,49508,18,55,7,10,3,3,3,1,44.00,4.00,1.00,1.00,1.00,9.00,4.00
j1854,26055,2,2,1,2,49685,15,60,10,15,1,2,2,2,19.00,1.00,1.00,1.00,1.00,8.00,3.00
j1872,26105,3,1,,1,48848,14,76,3,3,1,3,,5,34.00,3.00,1.00,1.00,1.00,11.00,4.00
j1873,26121,3,1,1,1,49451,18,70,5,5,1,2,1,4,33.00,3.00,1.00,1.00,1.00,11.00,4.00
j1887,26065,5,1,7,2,48820,25,55,10,15,1,5,1,4,24.00,1.00,1.00,1.00,1.00,5.00,3.00
j1891,26125,6,2,7,4,48327,30,40,15,5,1,3,3,2,73.00,7.00,1.00,1.00,2.00,8.00,4.00
j1913,26065,5,1,4,2,48912,25,35,5,5,1,2,2,2,54.00,5.00,1.00,1.00,1.00,3.00,3.00
j1934,26161,6,2,0,,48170,40,45,15,20,3,2,1,3,39.00,3.00,1.00,1.00,1.00,10.00,4.00
j1965,26163,7,1,0,4,48206,40,40,15,15,1,2,3,1,50.00,5.00,2.00,2.00,1.00,3.00,3.00
j1996,26065,5,2,7,1,48827,30,60,1,10,1,,4,2,55.00,5.00,1.00,1.00,1.00,10.00,3.00
j2011,26081,3,2,1,4,49546,35,60,1,30,1,4,2,2,22.00,1.00,1.00,1.00,1.00,2.00,4.00
j2046,26125,6,1,4,4,48091,10,80,2,2,3,2,,,46.00,4.00,1.00,1.00,1.00,5.00,4.00
j2060,26121,3,2,0,2,48060,60,,,,2,2,2,,67.00,7.00,1.00,1.00,1.00,6.00,3.00
j2075,26081,3,1,1,4,49509,35,70,10,20,2,1,2,1,34.00,3.00,1.00,1.00,1.00,7.00,2.00
j2087,26163,7,1,4,3,48124,45,50,10,5,1,5,4,1,22.00,1.00,1.00,1.00,1.00,8.00,4.00
j2204,26077,5,2,7,1,49071,10,90,5,5,3,1,2,1,72.00,7.00,2.00,2.00,2.00,9.00,4.00
j2265,26099,6,2,0,3,48089,35,55,8,30,1,2,3,1,33.00,3.00,2.00,2.00,1.00,2.00,3.00
j2275,26077,5,1,4,2,49087,40,40,10,5,1,2,2,2,34.00,3.00,1.00,1.00,1.00,8.00,3.00
j2276,26049,6,1,4,1,48454,8,91,5,2,3,3,,,43.00,4.00,1.00,1.00,1.00,4.00,4.00
j2298,26081,3,2,0,4,49057,45,55,8,7,1,4,1,3,63.00,6.00,1.00,1.00,1.00,8.00,3.00
j2304,26049,6,1,1,2,49735,40,50,3,15,1,2,2,4,39.00,3.00,1.00,1.00,1.00,9.00,4.00
j2313,26077,5,2,7,3,49009,40,40,10,25,1,2,3,2,68.00,7.00,1.00,1.00,1.00,10.00,3.00
j2317,26077,5,1,7,1,49640,40,60,5,5,1,2,3,2,30.00,3.00,1.00,1.00,1.00,4.00,4.00
j2337,26125,6,1,4,3,48168,15,50,15,10,3,1,1,5,43.00,4.00,1.00,1.00,1.00,10.00,4.00
j2359,26033,1,2,4,2,49783,20,30,0,40,3,3,4,2,35.00,3.00,5.00,3.00,2.00,1.00,1.00
j2393,26125,6,1,0,2,48187,40,50,5,10,3,3,3,1,29.00,2.00,,1.00,1.00,10.00,4.00
j2406,26061,1,1,,,49810,30,60,2,10,3,3,,3,31.00,3.00,1.00,1.00,1.00,3.00,3.00
j2448,26075,5,1,7,2,49251,40,40,5,15,2,2,,1,28.00,2.00,1.00,1.00,1.00,9.00,4.00
j2555,26077,5,2,1,2,49071,35,45,20,5,1,1,1,5,53.00,5.00,1.00,1.00,2.00,10.00,3.00
j2610,26071,1,1,1,2,49935,25,50,10,25,1,4,3,3,33.00,3.00,1.00,1.00,1.00,7.00,1.00
j2633,26107,3,2,0,2,49304,,,,,1,2,,,66.00,7.00,1.00,1.00,1.00,,2.00
j2689,26161,6,1,4,1,48178,25,25,25,25,3,2,4,2,22.00,1.00,1.00,1.00,1.00,,2.00
j2757,26147,6,1,7,2,48060,20,80,15,40,1,4,4,1,62.00,6.00,2.00,2.00,2.00,4.00,4.00
j2772,26163,7,2,4,4,48202,70,90,60,25,,,3,2,23.00,1.00,,2.00,1.00,5.00,3.00
j2823,26081,3,1,7,2,49319,60,40,40,30,1,3,4,2,39.00,3.00,2.00,2.00,1.00,5.00,1.00
j2837,26149,5,1,1,2,49091,60,30,3,5,1,3,,5,52.00,5.00,1.00,1.00,2.00,5.00,4.00
j2891,26055,2,1,7,,49676,35,65,2,25,1,4,3,2,89.00,7.00,1.00,1.00,2.00,8.00,4.00
j2894,26081,3,1,4,1,49319,30,60,3,3,1,3,1,5,33.00,3.00,1.00,1.00,1.00,8.00,4.00
j3047,26163,7,2,4,1,48049,40,45,5,15,1,1,3,1,31.00,3.00,1.00,1.00,2.00,3.00,3.00
j3050,26035,4,2,0,1,48612,30,70,,,1,1,,,35.00,3.00,1.00,1.00,1.00,10.00,4.00
j3072,26145,4,2,4,2,48602,40,50,,,1,2,1,4,26.00,2.00,1.00,1.00,1.00,8.00,4.00
j3104,26075,5,1,0,4,48103,65,15,10,30,,,3,4,28.00,2.00,1.00,1.00,1.00,5.00,3.00
j3107,26125,6,1,1,2,48114,20,60,10,10,1,2,3,4,43.00,4.00,1.00,1.00,1.00,11.00,4.00
j3136,26125,6,2,0,4,48021,,,,,1,4,4,1,46.00,4.00,5.00,3.00,2.00,,2.00
j3165,26111,4,1,,1,48642,40,50,2,10,1,4,2,3,51.00,5.00,1.00,1.00,1.00,10.00,4.00
j3212,26121,3,1,0,4,49444,,,,,3,2,,,21.00,1.00,1.00,1.00,1.00,2.00,2.00
j3256,26099,6,2,,,,,,,,1,2,,,45.00,4.00,5.00,3.00,,,1.00
j3297,26055,2,2,,2,49685,40,60,40,40,1,2,4,2,47.00,4.00,1.00,1.00,1.00,4.00,2.00
j3312,26025,5,1,4,1,49426,25,65,5,5,1,5,1,5,43.00,4.00,1.00,1.00,1.00,6.00,3.00
j3318,26163,6,1,7,3,48111,5,40,25,10,2,2,4,1,45.00,4.00,2.00,2.00,1.00,9.00,4.00
j3336,26145,4,1,7,1,48415,27,42,14,22,1,5,3,2,20.00,1.00,1.00,1.00,1.00,2.00,2.00
j3341,26099,6,1,1,1,48006,25,50,15,20,1,2,3,1,52.00,5.00,1.00,1.00,1.00,11.00,4.00
j3361,26163,7,2,,4,,,,,,1,1,,,,,,2.00,2.00,,3.00
j3375,26139,3,2,7,1,49464,35,45,10,15,1,2,2,4,45.00,4.00,1.00,1.00,1.00,11.00,4.00
j3381,26165,2,1,4,2,49619,40,45,6,,1,2,1,5,72.00,7.00,1.00,1.00,2.00,4.00,3.00
j3391,26021,5,1,4,3,48197,30,30,20,30,3,3,4,2,44.00,4.00,1.00,1.00,1.00,11.00,3.00
j3415,26063,4,1,4,1,48755,25,40,5,5,1,2,2,5,54.00,5.00,1.00,1.00,1.00,7.00,3.00
j3459,26163,7,1,4,3,48336,40,50,8,33,1,2,1,4,43.00,4.00,1.00,1.00,2.00,11.00,2.00
j3485,26161,6,1,0,3,48180,14,65,10,30,1,3,4,2,26.00,2.00,2.00,2.00,1.00,5.00,3.00
j3504,26077,5,2,7,1,49069,,,,,1,2,,,55.00,5.00,2.00,2.00,,6.00,4.00
j3511,26145,4,2,0,2,48858,28,60,5,30,1,3,2,4,34.00,3.00,1.00,1.00,1.00,7.00,4.00
j3524,26125,6,2,7,3,48833,35,45,5,20,1,5,3,2,58.00,5.00,1.00,1.00,,7.00,4.00
j3556,26125,6,1,7,3,48322,30,55,3,5,1,2,2,1,62.00,6.00,2.00,2.00,1.00,11.00,4.00
j3633,26125,6,1,7,3,48336,40,35,5,30,1,2,3,1,21.00,1.00,1.00,1.00,1.00,,3.00
j3636,26071,1,1,4,1,49935,30,60,10,4,2,2,1,2,57.00,5.00,1.00,1.00,,4.00,1.00
j3652,26111,4,1,7,2,48603,30,50,10,35,1,4,4,3,27.00,2.00,1.00,1.00,1.00,6.00,3.00
j3671,26065,5,2,7,3,48917,50,35,10,30,1,3,4,4,56.00,5.00,1.00,1.00,1.00,5.00,4.00
j3706,26125,6,2,1,3,48310,40,45,5,35,3,2,2,1,54.00,5.00,1.00,1.00,2.00,7.00,4.00
j3739,26117,3,2,1,1,49014,30,50,10,20,1,3,4,1,22.00,1.00,1.00,1.00,1.00,10.00,4.00
j3765,26081,3,1,0,3,49442,30,50,10,25,1,5,,1,30.00,3.00,1.00,1.00,1.00,3.00,3.00
j3773,26077,5,1,7,2,49071,20,50,4,15,3,2,2,1,66.00,7.00,,1.00,2.00,4.00,3.00
j3790,26125,6,2,1,3,48309,10,80,2,1,1,3,1,5,64.00,6.00,1.00,1.00,2.00,11.00,4.00
j3803,26115,6,1,4,1,48415,38,53,3,2,1,1,,2,48.00,4.00,1.00,1.00,1.00,11.00,4.00
j3806,26049,6,2,4,2,48439,52,40,30,20,1,4,4,4,39.00,3.00,1.00,1.00,2.00,2.00,4.00
j3809,26073,4,2,4,2,48880,40,10,1,50,3,4,4,1,56.00,5.00,1.00,1.00,2.00,1.00,2.00
j3923,26103,1,1,1,2,49855,64,30,5,3,3,5,1,4,19.00,1.00,1.00,1.00,1.00,11.00,1.00
j3968,26015,3,2,7,2,49058,40,40,30,50,1,2,3,1,60.00,6.00,1.00,1.00,1.00,4.00,3.00
j4009,26077,5,1,4,2,49048,75,67,25,,,2,1,5,68.00,7.00,1.00,1.00,1.00,1.00,2.00
j4037,26163,6,2,,2,48185,25,50,5,40,2,2,,,22.00,1.00,,1.00,1.00,3.00,3.00
j4046,26093,6,1,0,2,48116,,,,,2,2,1,4,67.00,7.00,1.00,1.00,2.00,4.00,2.00
j4102,26145,4,1,7,2,48601,60,40,5,20,1,4,4,1,43.00,4.00,2.00,2.00,1.00,4.00,3.00
j4126,26081,3,2,1,3,49345,45,40,5,40,1,1,4,1,18.00,1.00,1.00,1.00,1.00,11.00,3.00
j4149,26025,5,1,1,2,49017,28,50,5,10,,,3,5,49.00,4.00,1.00,1.00,1.00,6.00,3.00
j4212,26121,3,2,7,2,48103,28,56,12,26,1,2,4,2,23.00,1.00,1.00,1.00,1.00,5.00,4.00
j4283,26081,3,1,1,3,49546,20,60,2,10,2,4,2,4,19.00,1.00,1.00,1.00,1.00,8.00,2.00
j4309,26163,7,1,7,4,48205,20,60,5,5,3,2,4,3,41.00,4.00,2.00,2.00,1.00,7.00,1.00
j4316,26121,3,1,4,3,,30,60,15,30,1,4,4,2,57.00,5.00,,1.00,1.00,5.00,3.00
j4386,26161,6,1,4,1,48158,22,65,12,3,1,2,1,5,57.00,5.00,1.00,1.00,2.00,7.00,2.00
j4407,26103,1,1,1,1,49814,,80,5,1,,2,1,5,79.00,7.00,1.00,1.00,1.00,3.00,2.00
j4427,26009,2,2,7,1,49720,20,15,2,10,1,3,4,1,32.00,3.00,1.00,1.00,1.00,10.00,4.00
j4441,26077,5,1,1,1,49009,,,,,2,2,1,3,32.00,3.00,2.00,2.00,2.00,4.00,4.00
j4475,26145,4,2,1,2,48708,,,,,1,3,,1,71.00,7.00,1.00,1.00,1.00,6.00,3.00
j4495,26031,2,1,7,2,49735,50,50,1,45,2,5,4,1,20.00,1.00,1.00,1.00,,2.00,2.00
j4570,26163,7,1,1,4,48214,20,60,6,9,1,4,2,5,66.00,7.00,1.00,1.00,1.00,11.00,4.00
j4603,26099,6,2,0,2,48080,50,,,,1,2,1,4,59.00,5.00,,1.00,2.00,4.00,3.00
j4624,26125,6,2,7,3,48076,,,,,1,4,1,1,38.00,3.00,2.00,2.00,1.00,8.00,3.00
j4636,26163,6,1,4,3,48375,60,25,30,15,2,4,3,4,47.00,4.00,1.00,1.00,1.00,10.00,4.00
j4685,26163,7,2,4,4,48235,30,65,40,50,3,2,4,2,68.00,7.00,,2.00,2.00,4.00,3.00
j4728,26007,2,2,1,1,49747,40,40,15,25,,,3,4,57.00,5.00,1.00,1.00,1.00,7.00,3.00
j4731,26163,7,2,0,4,48235,45,50,10,3,1,3,3,1,32.00,3.00,2.00,2.00,1.00,6.00,4.00
j4739,26125,6,1,4,1,48439,40,50,30,20,3,2,2,5,35.00,3.00,3.00,3.00,1.00,11.00,4.00
j4748,26111,4,2,1,2,48623,40,50,10,15,3,2,1,5,80.00,7.00,1.00,1.00,1.00,10.00,2.00
j4762,26065,5,2,4,3,48864,,,,,1,1,1,5,57.00,5.00,1.00,1.00,2.00,6.00,3.00
j4777,26163,7,2,7,3,48101,60,70,40,30,,,1,5,48.00,4.00,1.00,1.00,1.00,8.00,4.00
j4927,26125,6,1,7,3,48323,38,57,1,7,2,1,3,4,48.00,4.00,1.00,1.00,1.00,10.00,4.00
j5034,26161,6,2,4,4,,30,45,20,1,2,1,3,2,60.00,6.00,1.00,1.00,1.00,4.00,3.00
j5080,26073,4,2,0,2,48640,15,70,5,2,1,2,2,2,35.00,3.00,1.00,1.00,1.00,11.00,4.00
j5113,26141,2,2,1,2,49779,50,45,5,15,1,2,1,3,79.00,7.00,1.00,1.00,2.00,8.00,4.00
j5120,26163,7,2,7,3,48091,40,40,10,35,3,3,2,2,40.00,4.00,2.00,2.00,1.00,3.00,4.00
j5157,26097,1,1,1,2,49781,30,55,20,20,1,,1,2,64.00,6.00,1.00,1.00,2.00,9.00,4.00
j5170,26163,6,2,7,3,48183,35,35,10,,1,3,2,2,69.00,7.00,1.00,1.00,2.00,8.00,3.00
j5255,26163,6,2,,4,48154,,,,,1,2,,,81.00,7.00,1.00,1.00,2.00,,3.00
j5272,26145,4,2,4,2,48706,,,,,1,2,,,18.00,1.00,1.00,1.00,1.00,5.00,2.00
j5279,26025,5,1,4,3,49017,30,60,10,2,1,1,1,3,64.00,6.00,,1.00,1.00,6.00,4.00
j5306,26087,6,1,0,2,48446,,,,,1,1,1,,22.00,1.00,1.00,1.00,1.00,7.00,4.00
j5313,26145,4,2,4,2,48602,40,35,20,50,1,5,2,2,24.00,1.00,2.00,2.00,1.00,2.00,3.00
j5361,26163,7,1,1,2,48154,35,50,5,5,2,2,2,2,20.00,1.00,1.00,1.00,1.00,3.00,2.00
j5374,26081,3,1,1,2,49534,17,70,,,,,2,5,39.00,3.00,1.00,1.00,1.00,9.00,3.00
j5462,26163,7,2,7,3,48183,30,60,5,25,3,2,3,2,40.00,4.00,1.00,1.00,1.00,11.00,4.00
j5465,26145,4,2,4,1,,45,45,2,25,1,4,2,,40.00,4.00,1.00,1.00,1.00,5.00,4.00
j5466,26099,6,2,1,3,48042,65,35,53,,2,2,2,3,54.00,5.00,1.00,1.00,1.00,8.00,4.00
j5481,26099,6,1,1,3,48313,30,65,2,4,1,2,2,2,49.00,4.00,1.00,1.00,1.00,10.00,3.00
j5492,26099,6,1,7,3,48044,60,40,4,30,1,4,,2,54.00,5.00,1.00,1.00,1.00,11.00,3.00
j5496,26163,7,1,7,3,48239,40,70,40,25,1,1,3,2,71.00,7.00,2.00,2.00,2.00,4.00,2.00
j5513,26065,5,1,7,4,48912,23,57,4,9,1,3,4,1,40.00,4.00,1.00,1.00,1.00,7.00,2.00
j5545,26163,7,1,0,3,,,,,,2,2,,,47.00,4.00,1.00,1.00,2.00,2.00,3.00
j5617,26027,5,1,1,1,49047,40,50,2,30,1,4,1,4,35.00,3.00,1.00,1.00,1.00,4.00,3.00
j5667,26063,4,1,1,1,48441,40,50,5,15,3,4,2,2,23.00,1.00,1.00,1.00,1.00,7.00,3.00
j5729,26125,6,2,4,3,48359,15,55,10,30,1,3,4,3,18.00,1.00,1.00,1.00,,8.00,2.00
j5745,26165,2,2,4,2,49601,,75,0,10,1,3,4,1,56.00,5.00,1.00,1.00,2.00,5.00,1.00
j5814,26163,7,1,0,4,48225,55,30,10,45,2,3,4,,24.00,1.00,2.00,2.00,1.00,,3.00
j5848,26163,7,1,4,2,48230,55,40,,2,1,2,,2,24.00,1.00,1.00,1.00,1.00,5.00,2.00
j5858,26125,6,1,0,2,48462,50,80,,90,,,4,1,29.00,2.00,1.00,1.00,2.00,1.00,2.00
j5862,26121,3,2,4,,49425,,,,,,,,,49.00,4.00,1.00,1.00,2.00,2.00,2.00
j5923,26163,7,2,7,2,48141,,,,,1,3,,,25.00,2.00,2.00,2.00,1.00,3.00,3.00
j5930,26163,6,1,4,2,48203,15,70,2,25,1,3,3,2,53.00,5.00,2.00,2.00,1.00,6.00,3.00
j6017,26161,6,1,7,3,48108,15,75,5,5,1,4,2,1,68.00,7.00,1.00,1.00,2.00,10.00,4.00
j6056,26061,1,2,4,1,49855,60,30,10,30,2,1,1,3,57.00,5.00,1.00,1.00,1.00,5.00,3.00
j6137,26125,6,2,1,3,48304,39,45,1,3,1,2,1,2,78.00,7.00,1.00,1.00,2.00,9.00,4.00
j6140,26049,6,1,1,1,48022,35,65,17,9,1,5,2,3,18.00,1.00,1.00,1.00,1.00,7.00,2.00
j6162,26107,3,1,0,1,49330,18,52,11,12,1,5,1,4,23.00,1.00,1.00,1.00,1.00,8.00,3.00
j6179,26125,6,2,4,1,48462,30,60,10,30,,,2,4,53.00,5.00,1.00,1.00,2.00,6.00,4.00
j6204,26125,6,1,4,3,48322,15,75,5,20,1,2,4,2,59.00,5.00,2.00,2.00,2.00,10.00,4.00
j6299,26099,6,1,4,4,48225,13,80,6,1,1,3,1,5,51.00,5.00,1.00,1.00,1.00,8.00,4.00
j6302,26157,4,1,0,1,48723,40,60,2,20,1,2,1,5,66.00,7.00,1.00,1.00,2.00,,2.00
j6348,26125,6,1,,3,48302,20,65,10,5,1,1,,2,64.00,6.00,,1.00,1.00,,4.00
j6355,26081,3,1,1,4,49503,18,40,4,10,1,2,1,5,27.00,2.00,1.00,1.00,1.00,11.00,4.00
j6394,26049,6,1,0,,48506,40,40,5,20,2,1,1,5,32.00,3.00,1.00,1.00,1.00,4.00,1.00
j6418,26125,6,2,7,3,48323,50,35,8,25,3,1,3,1,45.00,4.00,1.00,1.00,1.00,11.00,4.00
j6466,26121,3,1,1,2,49442,,,,,2,2,,,62.00,6.00,5.00,3.00,2.00,5.00,1.00
j6499,26125,6,2,7,3,48038,,,,,1,3,2,1,38.00,3.00,1.00,1.00,1.00,8.00,3.00
j6505,26161,6,1,1,2,48108,12,70,1,29,1,4,1,2,59.00,5.00,1.00,1.00,2.00,7.00,3.00
j6571,26055,2,1,7,1,49643,30,60,10,20,3,4,3,2,64.00,6.00,1.00,1.00,1.00,8.00,2.00
j6652,26125,6,1,0,4,48067,25,75,10,2,1,5,4,1,37.00,3.00,1.00,1.00,1.00,7.00,3.00
j6660,26049,6,1,4,2,48451,13,75,4,15,1,3,1,4,24.00,1.00,1.00,1.00,1.00,9.00,4.00
j6696,26163,7,2,7,4,48221,50,50,20,10,1,1,4,1,25.00,2.00,2.00,2.00,2.00,1.00,3.00
j6769,26133,3,2,4,1,49657,70,30,35,15,,2,3,2,52.00,5.00,1.00,1.00,1.00,10.00,3.00
j6788,26093,6,1,4,3,48114,15,70,5,5,3,3,,2,56.00,5.00,2.00,2.00,1.00,11.00,4.00
j6827,26163,7,1,4,1,48094,,,,,1,1,,,56.00,5.00,1.00,1.00,1.00,11.00,4.00
j6865,26121,3,1,0,1,49451,15,72,15,8,1,1,1,5,31.00,3.00,1.00,1.00,1.00,8.00,3.00
j6868,26139,3,1,4,1,49404,30,50,10,10,1,5,1,5,64.00,6.00,1.00,1.00,1.00,11.00,4.00
j6884,26125,6,2,0,3,48165,70,30,25,40,1,2,3,2,49.00,4.00,5.00,3.00,2.00,,3.00
j6891,26039,2,2,1,1,49707,47,40,23,18,3,2,1,5,33.00,3.00,1.00,1.00,1.00,10.00,4.00
j6898,26005,3,2,4,2,49080,,,,,1,2,,,46.00,4.00,1.00,1.00,2.00,2.00,1.00
j6905,26123,3,2,,1,49329,50,50,4,10,1,3,1,3,55.00,5.00,1.00,1.00,2.00,1.00,1.00
j6942,26139,3,2,1,2,49315,25,85,2,5,3,3,2,2,,,1.00,1.00,2.00,,4.00
j6955,26065,5,1,0,3,48842,50,50,40,40,1,3,2,1,19.00,1.00,1.00,1.00,2.00,10.00,3.00
j6975,26049,6,2,7,2,48423,30,40,15,20,1,2,3,4,42.00,4.00,1.00,1.00,1.00,10.00,4.00
j6989,26139,3,1,0,2,49426,45,65,,3,2,3,1,4,37.00,3.00,1.00,1.00,1.00,10.00,4.00
j7010,26161,6,2,4,2,48130,,,,,1,2,,,38.00,3.00,1.00,1.00,1.00,10.00,4.00
j7028,26163,7,1,7,2,49508,32,43,29,17,1,1,4,2,26.00,2.00,2.00,2.00,1.00,7.00,4.00
j7154,26077,5,2,7,2,49006,,,,,1,2,4,2,52.00,5.00,2.00,2.00,2.00,2.00,3.00
j7176,26065,5,1,0,3,48840,35,45,20,4,1,4,3,5,52.00,5.00,1.00,1.00,1.00,11.00,4.00
j7223,26147,6,2,7,4,49503,30,60,10,10,1,1,3,1,24.00,1.00,1.00,1.00,1.00,5.00,4.00
j7236,26127,3,1,7,2,49420,30,40,10,10,3,2,2,4,53.00,5.00,1.00,1.00,1.00,2.00,2.00
j7240,26079,2,2,,2,48827,,,,,1,4,,,53.00,5.00,5.00,3.00,2.00,,4.00
j7255,26125,6,1,7,2,48221,70,35,5,,3,3,2,1,82.00,7.00,2.00,2.00,1.00,9.00,4.00
j7264,26099,6,2,7,3,48083,14,80,8,15,1,2,4,2,26.00,2.00,1.00,1.00,1.00,7.00,3.00
j7309,26163,7,1,,3,,,,,,1,3,1,5,,,,2.00,1.00,1.00,
j7348,26125,6,1,1,3,48313,20,65,10,10,,2,1,5,57.00,5.00,1.00,1.00,1.00,8.00,4.00
j7379,26161,6,1,4,1,48130,25,52,8,12,2,2,3,2,41.00,4.00,1.00,1.00,1.00,,4.00
j7405,26125,6,,4,1,48362,,,10,,1,3,,1,,,1.00,1.00,2.00,1.00,3.00
j7416,26125,6,1,1,3,48377,,,,,1,2,,,65.00,7.00,1.00,1.00,2.00,4.00,4.00
j7562,26163,7,1,0,,48228,40,50,30,30,1,3,2,1,31.00,3.00,2.00,2.00,1.00,5.00,2.00
j7604,26163,7,1,1,4,48216,50,30,10,20,1,4,1,2,75.00,7.00,1.00,1.00,2.00,1.00,2.00
j7626,26125,6,2,4,2,48084,35,50,5,15,1,,2,1,45.00,4.00,4.00,3.00,2.00,5.00,4.00
j7634,26111,4,1,1,1,48883,30,55,5,25,3,1,3,1,62.00,6.00,1.00,1.00,1.00,11.00,2.00
j7730,26081,3,2,,2,49401,,50,5,25,1,3,2,1,27.00,2.00,1.00,1.00,1.00,3.00,2.00
j7736,26125,6,1,1,3,48083,18,70,7,3,1,3,1,2,77.00,7.00,1.00,1.00,2.00,10.00,4.00
j7742,26081,3,1,1,4,48220,30,60,10,20,1,3,1,5,27.00,2.00,1.00,1.00,1.00,10.00,4.00
j7743,26147,6,1,7,1,48063,12,60,5,10,3,2,1,2,64.00,6.00,1.00,1.00,2.00,3.00,2.00
j7794,26125,6,2,7,2,48864,,,,,1,3,,,28.00,2.00,1.00,1.00,1.00,6.00,4.00
j7889,26005,3,2,4,2,49408,30,50,10,25,3,1,1,2,53.00,5.00,5.00,3.00,2.00,3.00,1.00
j7939,26125,6,1,1,4,48185,30,30,15,5,1,3,1,5,52.00,5.00,1.00,1.00,1.00,8.00,2.00
j8014,26141,2,1,4,1,49765,20,60,8,1,1,3,2,2,62.00,6.00,1.00,1.00,2.00,7.00,3.00
j8044,26163,7,2,0,4,48238,,,,,3,,,,49.00,4.00,2.00,2.00,1.00,3.00,4.00
j8162,26101,3,1,7,1,49665,35,60,3,10,,,3,3,57.00,5.00,1.00,1.00,1.00,6.00,4.00
j8165,26081,3,1,4,1,49451,,,,,1,4,1,5,38.00,3.00,1.00,1.00,1.00,9.00,3.00
j8179,26099,6,1,7,3,48092,,70,5,2,1,2,4,2,53.00,5.00,1.00,1.00,1.00,5.00,3.00
j8189,26047,2,1,4,2,49770,20,72,4,18,1,2,4,1,76.00,7.00,,1.00,2.00,7.00,4.00
j8193,26139,3,2,7,1,49423,30,45,10,25,1,3,2,2,29.00,2.00,1.00,1.00,1.00,7.00,2.00
j8221,26145,4,1,1,1,48768,,,,,1,4,,,31.00,3.00,1.00,1.00,1.00,7.00,4.00
j8244,26027,5,1,0,1,49103,13,70,5,3,1,4,2,4,67.00,7.00,1.00,1.00,2.00,10.00,3.00
j8302,26125,6,2,4,3,48843,20,80,10,25,1,2,3,2,18.00,1.00,1.00,1.00,1.00,11.00,3.00
j8315,26099,6,2,0,3,48044,27,60,25,30,1,5,1,1,29.00,2.00,2.00,2.00,,11.00,4.00
j8337,26049,6,1,1,2,48451,,,,,1,2,,,63.00,6.00,1.00,1.00,1.00,2.00,3.00
j8364,26161,6,1,4,4,48103,45,40,30,30,1,1,1,2,21.00,1.00,1.00,1.00,1.00,8.00,3.00
j8457,26081,3,1,1,3,49301,40,45,5,20,1,2,1,5,52.00,5.00,1.00,1.00,1.00,7.00,4.00
j8499,26049,6,1,4,3,48430,18,55,5,6,1,3,2,2,53.00,5.00,1.00,1.00,1.00,7.00,4.00
j8513,26055,2,1,7,3,49643,12,75,3,10,1,4,4,1,26.00,2.00,1.00,1.00,1.00,8.00,4.00
j8517,26065,5,2,1,2,48917,35,45,10,10,1,3,,4,74.00,7.00,1.00,1.00,2.00,7.00,4.00
j8521,26081,3,1,1,1,49315,20,60,5,3,2,2,1,2,58.00,5.00,1.00,1.00,1.00,11.00,2.00
j8544,26081,3,2,7,3,49428,40,30,5,30,1,1,1,5,48.00,4.00,5.00,3.00,1.00,8.00,4.00
j8627,26163,7,1,7,4,48228,80,40,30,50,3,4,3,1,58.00,5.00,2.00,2.00,1.00,2.00,2.00
j8660,26147,6,2,7,2,48860,50,50,,,1,2,,5,,,1.00,1.00,1.00,7.00,4.00
j8700,26035,4,1,1,2,48625,,,,,1,3,4,2,34.00,3.00,1.00,1.00,1.00,1.00,2.00
j8861,26093,6,1,1,3,48114,,,,,1,1,,,65.00,7.00,1.00,1.00,2.00,3.00,2.00
j8870,26161,6,2,0,1,48189,,,,,1,3,,,58.00,5.00,1.00,1.00,2.00,8.00,4.00
j8920,26007,2,1,1,2,49707,35,50,5,10,2,4,2,4,37.00,3.00,1.00,1.00,1.00,10.00,3.00
j8966,26163,7,2,0,4,48221,,,,,1,2,,,18.00,1.00,2.00,2.00,,3.00,2.00
j9011,26125,6,1,4,2,49456,28,64,9,20,3,1,1,2,59.00,5.00,1.00,1.00,1.00,11.00,4.00
j9017,26125,6,1,4,1,48430,5,45,15,25,1,2,2,3,20.00,1.00,1.00,1.00,1.00,7.00,3.00
j9182,26081,3,1,7,4,48103,15,60,5,2,,,2,2,23.00,1.00,1.00,1.00,1.00,8.00,4.00
j9194,26147,6,2,7,1,48444,40,50,3,30,3,1,1,5,39.00,3.00,1.00,1.00,1.00,10.00,4.00
j9206,26125,6,2,,3,,60,40,15,15,2,1,2,2,45.00,4.00,4.00,3.00,2.00,5.00,4.00
j9256,26099,6,2,7,2,48043,50,50,20,20,1,2,3,1,33.00,3.00,1.00,1.00,2.00,7.00,2.00
j9261,26099,6,1,7,2,48092,20,40,5,2,1,3,2,2,49.00,4.00,1.00,1.00,1.00,9.00,3.00
j9354,26111,4,2,0,2,48657,40,55,3,50,1,2,3,1,35.00,3.00,1.00,1.00,,6.00,3.00
j9363,26125,6,1,7,3,48329,40,60,7,15,1,3,3,2,75.00,7.00,1.00,1.00,1.00,8.00,4.00
j9376,26065,5,2,4,3,48910,,,,,1,2,4,2,70.00,7.00,1.00,1.00,2.00,,3.00
j9387,26163,7,1,7,4,48238,30,65,5,8,1,4,3,1,75.00,7.00,2.00,2.00,2.00,6.00,3.00
j9400,26139,3,2,7,2,49423,48,40,,50,1,1,4,1,22.00,1.00,1.00,1.00,1.00,1.00,4.00
j9401,26099,6,2,1,3,48021,30,40,20,30,,5,2,1,45.00,4.00,1.00,1.00,1.00,10.00,3.00
j9408,26053,1,2,4,2,49968,70,30,20,20,1,2,1,5,66.00,7.00,1.00,1.00,2.00,7.00,3.00
j9622,26065,5,2,7,2,48842,14,78,5,20,3,1,1,2,48.00,4.00,2.00,2.00,1.00,11.00,4.00
j9644,26099,6,2,4,2,48093,40,50,,45,1,2,2,1,59.00,5.00,1.00,1.00,2.00,2.00,3.00
j9657,26125,6,2,7,3,48059,40,35,45,50,1,4,4,2,18.00,1.00,1.00,1.00,2.00,10.00,2.00
j9663,26081,3,2,1,1,49348,30,40,5,2,3,1,,,33.00,3.00,1.00,1.00,2.00,5.00,4.00
j9783,26153,1,2,1,2,49854,35,60,10,8,,,2,4,55.00,5.00,5.00,3.00,1.00,4.00,2.00
j9891,26155,4,1,1,2,48817,20,70,2,1,3,3,2,5,64.00,6.00,1.00,1.00,1.00,7.00,4.00
j9907,26147,6,2,1,2,48060,60,35,20,50,3,1,1,5,30.00,3.00,1.00,1.00,1.00,3.00,2.00
j9925,26125,6,2,4,3,48382,20,67,13,17,2,3,3,4,56.00,5.00,1.00,1.00,1.00,11.00,4.00
j9975,26049,6,1,4,2,48415,35,65,10,20,1,2,2,1,51.00,5.00,1.00,1.00,1.00,8.00,2.00
j9976,26077,5,1,7,3,49048,19,60,3,,1,4,2,2,30.00,3.00,,1.00,1.00,11.00,4.00
j9990,26155,4,1,4,1,48414,60,40,50,20,1,3,4,,52.00,5.00,1.00,1.00,2.00,4.00,2.00
j9998,26099,6,1,4,3,48051,40,60,10,30,1,4,2,5,38.00,3.00,1.00,1.00,1.00,8.00,3.00
k1061,26099,6,1,4,2,48035,,,,,1,3,,,67.00,7.00,5.00,3.00,2.00,5.00,3.00
k1070,26099,6,1,0,3,48066,28,60,10,,1,3,1,5,59.00,5.00,1.00,1.00,2.00,7.00,4.00
k1079,26081,3,2,4,3,49546,30,60,20,13,1,2,3,2,79.00,7.00,1.00,1.00,2.00,8.00,4.00
k1123,26163,7,1,4,3,48138,17,80,5,10,3,2,3,2,49.00,4.00,1.00,1.00,1.00,11.00,4.00
k1225,26077,5,2,4,3,49004,48,50,10,27,1,3,4,1,29.00,2.00,1.00,1.00,1.00,8.00,4.00
k1227,26125,6,1,4,2,48843,26,65,15,20,3,4,2,1,50.00,5.00,1.00,1.00,1.00,10.00,4.00
k1285,26125,6,1,7,3,48322,,,,,,3,,,26.00,2.00,2.00,2.00,1.00,11.00,4.00
k1303,26161,6,1,1,4,48117,45,60,8,15,1,2,1,5,26.00,2.00,1.00,1.00,1.00,10.00,4.00
k1347,26155,4,1,7,1,48867,25,75,1,10,1,1,3,1,54.00,5.00,1.00,1.00,1.00,10.00,3.00
k1350,26125,6,2,4,2,48439,,,,,3,1,,,41.00,4.00,1.00,1.00,1.00,,4.00
k1351,26081,3,2,7,4,49506,10,80,3,10,1,1,2,4,39.00,3.00,1.00,1.00,1.00,6.00,4.00
k1367,26081,3,1,0,1,48881,14,75,20,4,2,2,2,5,68.00,7.00,,1.00,2.00,7.00,4.00
k1387,26081,3,2,4,1,49321,30,60,20,7,3,2,2,4,65.00,7.00,1.00,1.00,2.00,2.00,3.00
k1427,26099,6,1,0,4,48316,,,,,1,1,,,21.00,1.00,1.00,1.00,1.00,,2.00
k1455,26121,3,1,4,1,,25,60,1,,1,2,3,2,60.00,6.00,1.00,1.00,1.00,6.00,3.00
k1464,26065,5,1,7,2,48823,40,60,2,20,1,3,2,2,75.00,7.00,1.00,1.00,2.00,9.00,4.00
k1474,26163,7,2,1,4,48348,,,,,1,3,,5,54.00,5.00,,2.00,,11.00,4.00
k1522,26163,7,1,4,3,48125,20,70,5,8,1,5,1,2,49.00,4.00,2.00,2.00,1.00,8.00,2.00
k1536,26099,6,1,1,4,48081,40,42,10,10,,,3,2,18.00,1.00,1.00,1.00,2.00,11.00,2.00
k1592,26125,6,1,7,3,48025,35,60,1,1,1,3,2,5,56.00,5.00,1.00,1.00,1.00,10.00,4.00
k1629,26099,6,1,4,1,,20,80,20,10,1,1,1,,48.00,4.00,,1.00,1.00,4.00,2.00
k1638,26081,3,2,7,1,49302,30,60,5,40,1,3,3,2,19.00,1.00,1.00,1.00,1.00,9.00,2.00
k3001,26115,6,1,4,2,48103,12,85,5,2,1,1,,2,65.00,7.00,1.00,1.00,2.00,,4.00
k3021,26107,3,1,4,1,,10,85,3,7,1,3,3,2,,,1.00,1.00,2.00,5.00,3.00
k3061,26019,2,1,1,1,49668,,,,,1,3,,,75.00,7.00,1.00,1.00,1.00,5.00,3.00
k3070,26051,4,1,0,1,48612,30,70,30,25,1,2,1,5,49.00,4.00,1.00,1.00,2.00,8.00,2.00
k3084,26065,5,1,4,3,48820,40,45,5,5,1,2,2,5,51.00,5.00,1.00,1.00,1.00,4.00,4.00
k3114,26081,3,2,7,1,49651,,60,10,,1,3,4,1,31.00,3.00,1.00,1.00,1.00,7.00,4.00
k3119,26081,3,1,0,2,49509,30,60,5,2,1,5,4,3,37.00,3.00,1.00,1.00,1.00,6.00,4.00
k3126,26099,6,1,0,3,48066,45,55,25,25,3,3,3,2,30.00,3.00,1.00,1.00,1.00,,3.00
k3128,26081,3,1,0,3,49548,40,40,5,20,1,4,3,2,48.00,4.00,1.00,1.00,1.00,2.00,4.00
k3143,26077,5,2,,2,49012,50,27,11,25,1,3,4,2,50.00,5.00,1.00,1.00,2.00,3.00,3.00
k3151,26099,6,1,4,1,48064,,,,,3,2,2,4,55.00,5.00,1.00,1.00,,11.00,4.00
k3178,26139,3,1,7,4,49505,20,65,10,5,2,2,4,1,29.00,2.00,1.00,1.00,1.00,10.00,4.00
k3187,26125,6,2,7,3,48025,30,55,5,3,1,3,3,2,38.00,3.00,1.00,1.00,1.00,11.00,4.00
k3192,26099,6,1,4,3,48310,20,50,10,3,,,2,2,22.00,1.00,1.00,1.00,1.00,,4.00
k3206,26081,3,2,1,1,49337,30,50,3,3,,,1,2,59.00,5.00,1.00,1.00,2.00,8.00,3.00
k3234,26125,6,2,4,3,48025,20,55,10,18,2,3,1,2,72.00,7.00,1.00,1.00,2.00,8.00,4.00
k3238,26099,6,2,4,,48310,,,,,1,1,,1,25.00,2.00,,1.00,,,3.00
k3313,26145,4,1,4,1,48631,30,55,5,10,2,3,2,5,57.00,5.00,1.00,1.00,1.00,10.00,3.00
k3409,26163,6,1,4,2,48198,,,,,1,2,,3,37.00,3.00,1.00,1.00,1.00,5.00,3.00
k3444,26081,3,1,1,2,49512,12,64,8,26,1,2,3,2,27.00,2.00,1.00,1.00,1.00,4.00,3.00
k3469,26073,4,1,4,1,48858,20,80,,1,1,1,1,5,34.00,3.00,1.00,1.00,1.00,10.00,2.00
k3471,26163,6,2,7,3,48191,30,60,5,20,1,2,4,3,76.00,7.00,1.00,1.00,2.00,7.00,3.00
k3578,26125,6,2,7,3,48375,15,75,12,10,2,2,2,2,25.00,2.00,1.00,1.00,1.00,11.00,4.00
k3588,26125,6,1,1,4,48822,,,,,1,1,,,23.00,1.00,1.00,1.00,1.00,8.00,4.00
k3618,26077,5,2,4,3,49048,50,,30,,1,2,,3,47.00,4.00,1.00,1.00,1.00,5.00,2.00
k3646,26155,4,1,0,2,48116,30,70,3,2,1,5,4,3,28.00,2.00,1.00,1.00,1.00,8.00,4.00
k3649,26125,6,1,1,1,48451,30,50,10,2,1,2,1,5,67.00,7.00,1.00,1.00,1.00,11.00,4.00
k3671,26125,6,1,7,3,48307,14,72,3,7,1,3,2,1,59.00,5.00,1.00,1.00,2.00,11.00,4.00
k3699,26125,6,1,4,1,48442,15,70,3,15,1,3,1,5,63.00,6.00,1.00,1.00,1.00,1.00,4.00
k3705,26161,6,1,0,4,48104,17,78,5,9,1,2,3,1,36.00,3.00,1.00,1.00,1.00,7.00,2.00
k3809,26081,3,1,4,3,49508,25,50,2,5,1,3,3,1,46.00,4.00,1.00,1.00,1.00,9.00,4.00
k3811,26145,4,2,7,1,48615,30,50,10,10,,1,1,4,77.00,7.00,1.00,1.00,2.00,3.00,3.00
k3992,26163,7,1,,3,48146,40,70,30,,1,3,1,5,75.00,7.00,1.00,1.00,2.00,8.00,2.00
k3998,26031,2,2,1,2,49706,50,50,25,40,3,2,3,2,28.00,2.00,1.00,1.00,2.00,4.00,2.00
k4018,26125,6,2,4,1,49770,45,45,5,5,1,4,2,4,64.00,6.00,1.00,1.00,2.00,9.00,4.00
k4028,26125,6,1,7,4,48219,40,50,10,20,2,3,2,1,40.00,4.00,2.00,2.00,1.00,3.00,3.00
k4033,26101,3,2,7,2,49601,50,80,10,60,1,3,4,4,20.00,1.00,1.00,1.00,2.00,5.00,4.00
k4077,26101,3,2,7,1,49665,45,50,30,40,3,4,3,2,49.00,4.00,5.00,3.00,1.00,8.00,4.00
k4087,26101,3,1,4,1,49614,40,40,20,5,1,2,1,2,76.00,7.00,1.00,1.00,2.00,6.00,3.00
k4106,26165,2,2,4,1,49601,50,40,1,20,3,2,1,5,45.00,4.00,1.00,1.00,,2.00,4.00
k4107,26145,4,1,,1,48623,40,45,5,10,1,5,1,5,47.00,4.00,1.00,1.00,1.00,10.00,3.00
k4240,26081,3,2,7,1,49333,15,75,5,10,3,2,3,1,67.00,7.00,1.00,1.00,2.00,11.00,4.00
k4261,26081,3,2,1,3,49009,35,50,5,10,1,5,1,4,39.00,3.00,1.00,1.00,2.00,11.00,4.00
k4291,26121,3,2,7,3,49444,33,65,27,25,1,1,4,2,75.00,7.00,,1.00,2.00,8.00,4.00
k4296,26125,6,2,4,3,48334,40,53,5,10,1,2,4,1,44.00,4.00,1.00,1.00,2.00,8.00,3.00
k4308,26065,5,1,4,3,49315,12,87,5,15,1,5,,2,45.00,4.00,1.00,1.00,1.00,8.00,4.00
k4310,26149,5,1,4,2,,23,70,5,10,3,1,2,2,35.00,3.00,1.00,1.00,1.00,8.00,4.00
k4343,26065,5,1,1,1,48429,60,75,3,9,3,1,2,5,40.00,4.00,1.00,1.00,1.00,7.00,3.00
k4346,26075,5,2,7,1,49277,30,50,10,1,,,2,4,59.00,5.00,1.00,1.00,1.00,5.00,2.00
k4379,26163,6,2,7,2,48104,10,85,4,20,1,5,4,1,59.00,5.00,1.00,1.00,2.00,10.00,4.00
k4451,26081,3,1,4,1,49330,29,57,13,11,3,3,4,2,29.00,2.00,1.00,1.00,1.00,7.00,4.00
k4462,26081,3,1,4,2,49337,,,,,1,4,1,1,79.00,7.00,1.00,1.00,2.00,8.00,3.00
k4494,26081,3,1,1,1,49319,35,50,15,5,3,2,1,4,47.00,4.00,1.00,1.00,1.00,9.00,4.00
k4570,26115,6,1,1,4,48195,,75,,,1,4,1,2,55.00,5.00,1.00,1.00,1.00,10.00,3.00
k4625,26081,3,1,4,1,49319,45,35,15,5,3,1,3,2,50.00,5.00,1.00,1.00,1.00,5.00,2.00
k4643,26021,5,1,4,3,49085,20,60,7,3,1,2,1,5,26.00,2.00,1.00,1.00,1.00,6.00,4.00
k4675,26061,1,2,4,1,49913,10,80,10,20,3,1,2,1,27.00,2.00,1.00,1.00,2.00,,1.00
k4718,26121,3,1,4,1,48838,,,,2,1,3,1,2,56.00,5.00,1.00,1.00,2.00,6.00,3.00
k4771,26115,6,1,7,4,48195,40,30,5,10,1,3,3,1,24.00,1.00,1.00,1.00,1.00,9.00,3.00
k4794,26139,3,2,7,1,49460,30,60,10,15,1,3,4,1,74.00,7.00,1.00,1.00,2.00,5.00,3.00
k4807,26133,3,2,4,1,49623,,,,,3,2,,,59.00,5.00,1.00,1.00,,4.00,2.00
k4860,26021,5,2,7,1,49038,50,50,70,60,1,3,1,2,56.00,5.00,1.00,1.00,2.00,2.00,4.00
k4887,26021,5,1,0,2,49117,39,33,9,29,3,3,3,1,20.00,1.00,1.00,1.00,1.00,3.00,2.00
k4915,26139,3,1,1,2,49010,35,55,5,5,,,3,2,70.00,7.00,1.00,1.00,1.00,10.00,4.00
k4967,26047,2,1,1,1,49770,20,65,15,3,3,2,3,2,51.00,5.00,,1.00,1.00,11.00,3.00
k4973,26125,6,2,4,3,48383,,,,,1,2,4,1,31.00,3.00,1.00,1.00,1.00,,4.00
k5025,26065,5,1,4,,48844,50,50,50,50,1,3,1,5,35.00,3.00,1.00,1.00,,10.00,3.00
k5064,26007,2,1,1,2,49779,30,60,10,10,1,2,1,2,30.00,3.00,1.00,1.00,1.00,9.00,3.00
k5087,26145,4,2,1,1,48734,40,50,3,15,3,2,1,5,53.00,5.00,1.00,1.00,1.00,9.00,4.00
k5116,26081,3,1,4,3,49315,45,55,10,3,1,3,1,5,43.00,4.00,1.00,1.00,1.00,10.00,2.00
k5154,26163,6,2,7,3,48187,12,80,20,10,1,3,3,4,19.00,1.00,4.00,3.00,2.00,10.00,3.00
k5167,26163,7,1,0,4,,20,70,5,,,1,1,1,,,,2.00,2.00,,2.00
k5196,26137,2,2,0,1,49735,25,60,5,25,1,2,2,4,42.00,4.00,1.00,1.00,1.00,8.00,3.00
k5198,26061,1,2,4,1,49953,65,35,10,45,1,3,3,2,51.00,5.00,1.00,1.00,1.00,7.00,4.00
k5219,26163,7,2,4,3,48033,40,40,10,10,1,5,4,2,64.00,6.00,2.00,2.00,,4.00,3.00
k5258,26145,4,1,7,4,48602,15,70,5,5,1,1,2,1,62.00,6.00,1.00,1.00,2.00,7.00,3.00
k5305,26125,6,2,7,4,48341,30,50,20,30,3,2,3,1,18.00,1.00,2.00,2.00,1.00,8.00,3.00
k5360,26081,3,1,1,1,49456,40,45,5,5,1,2,2,2,53.00,5.00,1.00,1.00,1.00,11.00,4.00
k5374,26163,7,1,7,4,48214,12,75,8,5,1,3,2,1,64.00,6.00,2.00,2.00,1.00,5.00,4.00
k5380,26121,3,1,4,3,49445,37,60,1,2,1,3,1,5,56.00,5.00,1.00,1.00,2.00,10.00,3.00
k5408,26093,6,1,1,2,48353,,,,,1,3,1,4,43.00,4.00,1.00,1.00,1.00,8.00,3.00
k5421,26163,7,2,7,3,48154,40,60,20,30,1,3,3,1,53.00,5.00,2.00,2.00,1.00,10.00,3.00
k5474,26161,6,1,4,2,48103,21,58,5,12,2,1,4,1,68.00,7.00,1.00,1.00,1.00,11.00,3.00
k5504,26081,3,2,7,4,49504,80,90,15,70,1,3,4,1,72.00,7.00,1.00,1.00,2.00,7.00,3.00
k5521,26035,4,2,1,1,48625,40,60,20,50,1,5,1,1,57.00,5.00,1.00,1.00,1.00,10.00,3.00
k5524,26163,7,1,,2,48122,,,,,1,3,,,28.00,2.00,4.00,3.00,1.00,3.00,2.00
k5641,26099,6,2,1,1,48003,20,50,15,10,1,3,1,4,78.00,7.00,1.00,1.00,2.00,,2.00
k5662,26125,6,1,1,2,48451,28,40,7,5,1,3,2,4,60.00,6.00,1.00,1.00,1.00,11.00,3.00
k5663,26161,6,1,1,2,48843,40,52,7,20,3,3,3,2,29.00,2.00,1.00,1.00,1.00,4.00,4.00
k5734,26093,6,1,4,3,48114,18,54,5,6,3,5,2,1,65.00,7.00,1.00,1.00,1.00,11.00,4.00
k5748,26099,6,2,4,3,48316,35,65,20,25,1,5,3,5,62.00,6.00,1.00,1.00,2.00,8.00,3.00
k5760,26145,4,1,4,1,49601,18,60,7,5,3,3,3,2,65.00,7.00,1.00,1.00,1.00,10.00,4.00
k5902,26139,3,1,4,2,49442,60,60,10,4,3,3,3,1,57.00,5.00,1.00,1.00,2.00,5.00,2.00
k5947,26037,4,1,1,1,48879,38,42,10,8,1,3,1,4,43.00,4.00,1.00,1.00,1.00,9.00,3.00
k6034,26163,7,2,0,4,48219,50,50,15,25,2,5,4,1,63.00,6.00,2.00,2.00,2.00,,3.00
k6040,26099,6,1,7,1,48038,35,55,10,30,3,2,2,2,39.00,3.00,1.00,1.00,1.00,6.00,3.00
k6060,26099,6,2,7,2,,50,40,5,2,1,3,4,4,52.00,5.00,1.00,1.00,1.00,11.00,4.00
k6088,26007,2,1,1,2,,,,,,1,3,,,18.00,1.00,1.00,1.00,1.00,,2.00
k6099,26055,2,1,0,2,49649,58,40,20,30,1,3,1,1,69.00,7.00,1.00,1.00,1.00,8.00,3.00
k6112,26125,6,2,7,3,48067,18,70,10,6,1,2,4,1,24.00,1.00,1.00,1.00,2.00,10.00,4.00
k6142,26077,5,2,0,1,49057,55,65,12,42,1,2,4,1,37.00,3.00,1.00,1.00,2.00,8.00,1.00
k6177,26077,5,2,0,2,49024,,,,,3,2,,,40.00,4.00,1.00,1.00,1.00,10.00,4.00
k6193,26163,6,2,4,1,49236,39,46,3,32,,,3,2,35.00,3.00,1.00,1.00,1.00,7.00,3.00
k6249,26031,2,1,4,2,49721,,80,5,2,,3,1,4,62.00,6.00,1.00,1.00,1.00,6.00,2.00
k6253,26099,6,1,0,3,48038,40,50,2,30,1,2,3,2,28.00,2.00,2.00,2.00,1.00,8.00,2.00
k6256,26049,6,2,4,2,48430,35,53,2,25,1,3,3,5,49.00,4.00,1.00,1.00,1.00,10.00,4.00
k6445,26093,6,1,7,3,48843,22,55,6,10,1,2,3,1,25.00,2.00,1.00,1.00,1.00,10.00,2.00
k6663,26065,5,2,7,2,48116,30,50,5,25,2,2,3,1,66.00,7.00,1.00,1.00,2.00,10.00,4.00
k6695,26081,3,1,7,2,49548,,,10,,1,3,,4,55.00,5.00,1.00,1.00,1.00,5.00,1.00
k6697,26139,3,1,1,2,49409,,,,,3,1,,,57.00,5.00,1.00,1.00,1.00,5.00,4.00
k6698,26147,6,1,4,,48059,30,60,20,,3,5,,,26.00,2.00,2.00,2.00,1.00,9.00,4.00
k6721,26081,3,1,1,4,49428,50,50,20,5,2,2,1,1,76.00,7.00,1.00,1.00,2.00,5.00,3.00
k6735,26145,4,1,1,3,48604,35,60,,,1,3,4,3,62.00,6.00,1.00,1.00,1.00,7.00,2.00
k6742,26055,2,2,1,2,49685,,,,,1,3,1,5,77.00,7.00,,1.00,,6.00,3.00
k6766,26161,6,2,1,3,48154,20,70,5,,,,2,4,52.00,5.00,1.00,1.00,1.00,11.00,4.00
k6769,26065,5,1,7,3,48917,10,80,1,3,1,3,4,1,79.00,7.00,1.00,1.00,1.00,10.00,4.00
k6803,26099,6,1,7,4,48089,20,65,3,10,1,2,3,2,58.00,5.00,1.00,1.00,1.00,5.00,3.00
k6817,26147,6,2,7,1,48074,40,40,30,15,3,1,4,,19.00,1.00,1.00,1.00,1.00,8.00,3.00
k6822,26145,4,1,0,2,48616,,,,,3,2,,,35.00,3.00,1.00,1.00,2.00,3.00,1.00
k6825,26081,3,1,4,3,49534,30,50,5,3,1,1,1,5,61.00,6.00,1.00,1.00,1.00,10.00,4.00
k6878,26075,5,2,4,1,49203,35,45,25,53,3,4,3,1,18.00,1.00,1.00,1.00,1.00,4.00,2.00
k6974,26125,6,1,7,3,48393,15,70,9,8,1,3,3,1,52.00,5.00,1.00,1.00,1.00,11.00,4.00
k6992,26077,5,2,0,1,49047,72,60,8,20,1,2,2,2,56.00,5.00,1.00,1.00,1.00,10.00,4.00
k7072,26081,3,1,4,4,48903,12,78,7,9,2,3,3,1,48.00,4.00,1.00,1.00,1.00,8.00,4.00
k7091,26163,6,1,4,2,48193,35,55,15,35,3,1,4,1,25.00,2.00,1.00,1.00,1.00,7.00,2.00
k7125,26163,7,1,7,3,48076,20,60,7,30,1,2,,4,53.00,5.00,2.00,2.00,1.00,,2.00
k7148,26147,6,2,0,3,48315,35,60,25,30,1,1,3,2,21.00,1.00,1.00,1.00,1.00,3.00,3.00
k7183,26125,6,2,,2,,12,70,20,,1,2,1,1,,,4.00,3.00,1.00,10.00,4.00
k7220,26121,3,1,7,1,49457,20,80,5,5,,,2,2,37.00,3.00,1.00,1.00,1.00,5.00,2.00
k7241,26163,7,2,4,2,,,,,,1,5,,,32.00,3.00,2.00,2.00,1.00,,4.00
k7348,26163,7,1,4,2,48036,35,40,10,45,1,2,4,4,29.00,2.00,2.00,2.00,1.00,,3.00
k7362,26061,1,1,4,2,49931,20,60,10,2,3,3,4,2,28.00,2.00,1.00,1.00,1.00,8.00,4.00
k7457,26155,4,2,1,1,48817,40,60,30,10,1,2,2,2,48.00,4.00,1.00,1.00,2.00,8.00,3.00
k8012,26125,6,1,4,2,48014,,,,,1,4,,5,64.00,6.00,1.00,1.00,2.00,7.00,2.00
k8028,26165,2,2,7,3,49401,30,60,15,10,1,2,4,1,24.00,1.00,1.00,1.00,1.00,,4.00
k8035,26075,5,2,4,2,,,,5,95,1,2,4,5,52.00,5.00,1.00,1.00,1.00,2.00,2.00
k8052,26081,3,1,1,2,49404,20,60,5,2,1,5,1,5,54.00,5.00,1.00,1.00,1.00,10.00,2.00
k8074,26065,5,1,1,4,48895,30,60,7,12,1,3,4,4,64.00,6.00,1.00,1.00,2.00,7.00,2.00
k8077,26081,3,2,7,3,49506,40,,,10,3,1,4,2,36.00,3.00,1.00,1.00,1.00,5.00,4.00
k8080,26125,6,2,4,1,49631,15,82,1,20,1,3,3,2,65.00,7.00,1.00,1.00,2.00,5.00,3.00
k8101,26099,6,1,1,3,49456,15,65,8,5,3,2,1,4,23.00,1.00,1.00,1.00,1.00,8.00,4.00
k8105,26081,3,1,4,2,49331,20,68,1,15,1,4,3,4,31.00,3.00,1.00,1.00,1.00,8.00,3.00
k8149,26161,6,2,7,3,48185,53,39,5,54,1,1,4,1,26.00,2.00,1.00,1.00,1.00,4.00,4.00
k8152,26059,5,1,4,4,49250,50,50,23,3,1,2,1,5,46.00,4.00,1.00,1.00,1.00,7.00,3.00
k8285,26163,7,1,4,4,48204,15,85,8,40,1,3,4,1,55.00,5.00,2.00,2.00,1.00,2.00,4.00
k8319,26055,2,1,4,2,49685,30,50,25,10,1,2,2,2,41.00,4.00,1.00,1.00,1.00,8.00,4.00
k8333,26073,4,1,0,2,48640,18,43,9,7,,,4,2,25.00,2.00,1.00,1.00,1.00,7.00,3.00
k8349,26055,2,1,4,4,49684,25,60,5,5,1,5,1,5,54.00,5.00,1.00,1.00,1.00,7.00,3.00
k8369,26163,7,1,0,4,48206,30,65,10,25,1,4,2,5,47.00,4.00,,2.00,1.00,6.00,3.00
k8388,26081,3,1,7,2,49418,31,65,12,25,1,3,3,1,32.00,3.00,1.00,1.00,1.00,10.00,4.00
k8444,26049,6,2,0,2,48423,,,,,1,3,3,4,61.00,6.00,1.00,1.00,1.00,6.00,3.00
k8470,26049,6,2,7,2,48506,30,50,20,20,3,1,3,4,71.00,7.00,1.00,1.00,2.00,7.00,4.00
k8477,26033,1,2,7,1,49836,30,60,,,1,1,3,1,73.00,7.00,1.00,1.00,2.00,2.00,4.00
k8499,26007,2,2,7,4,49707,75,50,40,30,1,3,4,2,63.00,6.00,1.00,1.00,1.00,8.00,4.00
k8577,26045,5,2,7,3,48178,40,40,8,15,3,4,2,3,50.00,5.00,1.00,1.00,1.00,11.00,4.00
k8636,26021,5,2,4,1,49022,21,80,5,12,3,1,3,3,32.00,3.00,1.00,1.00,1.00,,4.00
k8644,26163,7,1,4,3,48187,20,68,3,1,1,3,2,3,39.00,3.00,,2.00,1.00,10.00,4.00
k8737,26077,5,1,4,2,49088,15,70,4,5,3,2,4,1,48.00,4.00,1.00,1.00,1.00,7.00,4.00
k8754,26163,7,1,0,4,48203,15,73,4,50,1,2,,5,31.00,3.00,5.00,3.00,1.00,1.00,3.00
k8781,26099,6,1,4,3,48080,30,60,10,25,1,2,2,3,48.00,4.00,1.00,1.00,1.00,11.00,4.00
k8790,26061,1,2,0,1,49930,40,40,20,30,1,3,4,2,20.00,1.00,1.00,1.00,1.00,6.00,3.00
k8800,26159,5,2,7,2,49079,60,40,10,15,1,1,1,5,58.00,5.00,1.00,1.00,1.00,7.00,3.00
k8913,26065,5,1,7,2,48910,40,40,5,5,1,3,4,1,56.00,5.00,1.00,1.00,2.00,2.00,2.00
k9021,26111,4,2,1,2,48858,38,50,3,25,2,1,2,1,28.00,2.00,1.00,1.00,1.00,6.00,3.00
k9054,26161,6,2,7,2,48104,25,70,15,10,1,1,3,2,25.00,2.00,1.00,1.00,2.00,3.00,4.00
k9089,26125,6,2,7,3,48073,40,60,35,45,1,4,2,2,25.00,2.00,1.00,1.00,1.00,10.00,4.00
k9218,26099,6,1,4,3,48375,30,60,10,20,1,4,2,4,36.00,3.00,1.00,1.00,1.00,9.00,4.00
k9224,26163,7,1,4,3,48127,12,85,5,1,3,1,1,5,62.00,6.00,1.00,1.00,1.00,6.00,4.00
k9247,26091,6,1,0,4,49201,20,23,15,36,1,4,3,2,18.00,1.00,1.00,1.00,2.00,2.00,2.00
k9263,26163,7,2,1,4,48221,40,60,25,20,,,2,2,71.00,7.00,1.00,1.00,2.00,2.00,4.00
k9286,26099,6,1,1,3,48316,17,65,5,2,1,4,2,5,67.00,7.00,1.00,1.00,1.00,7.00,3.00
t1092,26103,1,1,1,2,49855,15,80,3,3,2,4,1,5,72.00,7.00,1.00,1.00,1.00,11.00,4.00
t1113,26027,5,1,4,1,49031,,,,,1,2,1,2,70.00,7.00,1.00,1.00,2.00,6.00,3.00
t1185,26163,6,1,7,3,48150,13,81,8,18,1,5,3,2,56.00,5.00,1.00,1.00,1.00,11.00,4.00
t1206,26125,6,2,4,3,48324,45,50,5,20,2,2,1,2,86.00,7.00,1.00,1.00,2.00,7.00,4.00
t1336,26163,6,2,4,2,48170,,,,,1,3,4,1,75.00,7.00,1.00,1.00,2.00,2.00,2.00
t1444,26143,2,1,4,1,48651,35,60,15,20,1,2,3,2,77.00,7.00,1.00,1.00,2.00,5.00,2.00
t1482,26067,3,2,7,1,48815,50,50,10,30,1,3,2,2,87.00,7.00,1.00,1.00,2.00,2.00,3.00
t1642,26003,1,2,4,2,49862,40,40,10,10,3,2,4,2,85.00,7.00,1.00,1.00,2.00,2.00,2.00
t1723,26037,4,2,4,3,48820,12,83,10,10,1,2,,1,71.00,7.00,1.00,1.00,2.00,8.00,4.00
t1914,26149,5,1,4,2,49091,20,70,5,5,,1,2,2,65.00,7.00,1.00,1.00,1.00,6.00,3.00
t1921,26093,6,2,7,1,48836,40,60,10,5,1,2,2,2,70.00,7.00,1.00,1.00,2.00,8.00,3.00
t1924,26065,5,2,4,,48840,68,40,20,30,1,3,2,2,76.00,7.00,1.00,1.00,1.00,3.00,3.00
t1948,26145,4,2,1,2,48734,20,45,10,,1,4,1,4,76.00,7.00,1.00,1.00,2.00,4.00,3.00
t1987,26081,3,1,1,1,49316,12,70,3,3,1,4,1,2,67.00,7.00,1.00,1.00,2.00,8.00,4.00
t2048,26145,4,1,4,1,48415,25,50,10,5,1,3,2,5,72.00,7.00,1.00,1.00,2.00,4.00,3.00
t2086,26081,3,2,4,3,49546,35,65,20,20,3,2,2,2,80.00,7.00,1.00,1.00,2.00,11.00,4.00
t2096,26131,1,1,7,1,49953,20,50,15,10,1,3,4,4,68.00,7.00,1.00,1.00,1.00,5.00,3.00
t2136,26067,3,2,4,1,48881,40,50,5,2,2,1,1,4,69.00,7.00,1.00,1.00,1.00,5.00,3.00
t2166,26077,5,1,4,1,49012,12,60,8,2,1,3,2,4,70.00,7.00,,1.00,2.00,6.00,3.00
t2207,26125,6,1,4,1,48382,11,60,5,10,1,3,1,5,70.00,7.00,2.00,2.00,2.00,7.00,4.00
t2284,26015,3,2,4,1,48849,,,,,1,3,1,,69.00,7.00,,1.00,2.00,5.00,4.00
t2383,26099,6,2,7,3,48081,40,60,20,10,1,2,2,2,84.00,7.00,1.00,1.00,1.00,3.00,3.00
t2456,26125,6,1,7,3,48348,7,70,5,8,3,1,4,2,18.00,1.00,1.00,1.00,1.00,8.00,2.00
t2531,26099,6,1,0,3,48082,60,45,15,30,3,4,1,1,33.00,3.00,1.00,1.00,1.00,1.00,2.00
t2701,26047,2,2,4,1,49706,30,60,10,,1,1,3,2,59.00,5.00,1.00,1.00,1.00,4.00,3.00
t2762,26077,5,2,1,3,49024,,,,,1,3,1,5,80.00,7.00,1.00,1.00,2.00,3.00,3.00
t2767,26015,3,2,4,2,49058,25,75,,25,1,3,1,1,69.00,7.00,1.00,1.00,2.00,2.00,2.00
t2787,26163,6,1,4,3,48154,20,60,5,5,1,3,3,2,75.00,7.00,1.00,1.00,2.00,5.00,3.00
t2795,26049,6,2,4,2,48509,50,50,40,30,1,4,2,3,55.00,5.00,1.00,1.00,1.00,5.00,4.00
t2796,26083,1,2,,1,49913,20,75,10,10,3,,4,1,63.00,6.00,,1.00,2.00,,4.00
t2889,26163,6,2,4,2,48111,40,40,20,40,3,1,2,1,76.00,7.00,1.00,1.00,2.00,7.00,3.00
t2895,26147,6,1,1,2,48039,10,85,3,1,,,1,5,74.00,7.00,1.00,1.00,2.00,2.00,3.00
t3156,26125,6,2,7,3,48390,15,70,10,20,,,2,2,61.00,6.00,1.00,1.00,1.00,10.00,4.00
t3407,26125,6,1,0,3,48220,12,60,2,10,,,4,1,67.00,7.00,1.00,1.00,2.00,6.00,3.00
t3446,26073,4,2,7,2,48617,30,60,20,5,1,2,1,5,69.00,7.00,1.00,1.00,2.00,,2.00
t3588,26163,6,2,7,3,48187,,,,,3,1,1,2,87.00,7.00,1.00,1.00,2.00,3.00,2.00
t3616,26163,6,1,4,4,48124,10,85,2,1,1,2,2,1,73.00,7.00,1.00,1.00,2.00,8.00,4.00
t3630,26139,3,2,1,1,49456,40,60,15,,3,1,1,2,80.00,7.00,1.00,1.00,2.00,,3.00
t3692,26049,6,1,0,2,48458,18,70,3,1,3,2,3,5,61.00,6.00,1.00,1.00,2.00,8.00,2.00
t3716,26163,6,1,,3,48229,45,55,1,,1,3,4,5,73.00,7.00,2.00,2.00,2.00,9.00,3.00
t3788,26155,4,1,4,1,48418,,,,,,2,2,5,73.00,7.00,5.00,3.00,1.00,2.00,2.00
t3793,26033,1,2,4,1,49715,30,50,10,5,1,2,2,2,65.00,7.00,1.00,1.00,2.00,5.00,4.00
t3820,26163,6,2,7,4,48239,20,80,5,2,1,1,1,1,72.00,7.00,2.00,2.00,2.00,3.00,4.00
t6012,26065,5,1,4,2,48842,40,60,20,30,,2,3,1,43.00,4.00,1.00,1.00,1.00,11.00,4.00
t6503,26125,6,2,4,2,48371,40,45,15,30,1,2,,2,72.00,7.00,1.00,1.00,2.00,5.00,3.00
t6537,26077,5,2,7,2,49004,60,40,10,10,1,3,2,2,91.00,7.00,1.00,1.00,2.00,2.00,2.00
t6910,26121,3,2,7,1,49437,50,40,10,20,1,2,1,2,67.00,7.00,1.00,1.00,2.00,3.00,2.00
t7286,26133,3,2,7,2,49677,,,,,1,2,3,2,85.00,7.00,1.00,1.00,2.00,3.00,4.00
t7322,26103,1,2,7,2,49855,40,60,20,30,1,3,4,5,90.00,7.00,1.00,1.00,2.00,2.00,2.00
t7342,26035,4,2,1,2,48625,40,60,3,5,1,3,3,4,83.00,7.00,1.00,1.00,2.00,3.00,4.00
v1047,26145,4,2,4,1,48415,30,50,8,30,1,2,3,4,78.00,7.00,1.00,1.00,2.00,7.00,3.00
v1073,26163,7,2,7,4,48224,45,60,10,30,1,4,3,4,63.00,6.00,2.00,2.00,2.00,4.00,4.00
v1074,26065,5,2,7,3,48823,20,60,8,5,1,5,3,2,49.00,4.00,1.00,1.00,1.00,10.00,4.00
v1092,26093,6,1,7,2,48430,13,70,3,10,3,3,2,3,,,1.00,1.00,2.00,,3.00
v1095,26129,2,1,4,2,48661,40,52,14,30,1,4,1,4,57.00,5.00,1.00,1.00,2.00,2.00,2.00
v1110,26125,6,1,7,3,48098,15,65,10,5,1,3,2,2,20.00,1.00,1.00,1.00,1.00,7.00,2.00
v1122,26065,5,1,7,2,48823,18,64,6,10,3,1,3,1,71.00,7.00,1.00,1.00,2.00,11.00,4.00
v1135,26117,3,2,1,1,49339,,,,,,,1,2,70.00,7.00,1.00,1.00,2.00,,2.00
v1142,26049,6,2,,1,48433,,,,,1,3,,,88.00,7.00,1.00,1.00,2.00,2.00,2.00
v1144,26147,6,1,4,2,48001,,,,,1,1,,,69.00,7.00,1.00,1.00,2.00,4.00,3.00
v1145,26093,6,2,7,2,48430,,,,,1,3,3,2,78.00,7.00,1.00,1.00,2.00,5.00,4.00
v1147,26001,2,1,4,2,48738,99,2,35,70,3,3,1,5,67.00,7.00,,1.00,2.00,,2.00
v1163,26077,5,2,7,2,49009,50,50,10,15,1,3,4,1,58.00,5.00,1.00,1.00,2.00,10.00,4.00
v1164,26021,5,2,1,2,49127,25,60,3,8,1,1,2,2,63.00,6.00,1.00,1.00,1.00,5.00,4.00
v1171,26093,6,2,1,2,48836,,,,,1,4,,1,81.00,7.00,1.00,1.00,2.00,5.00,1.00
v1175,26037,4,2,7,1,48820,,,,,1,3,2,4,81.00,7.00,1.00,1.00,2.00,,2.00
v1184,26081,3,1,4,2,49503,,,,,1,2,,,86.00,7.00,1.00,1.00,2.00,5.00,4.00
v1196,26001,2,1,4,2,48740,,,,,3,1,,,80.00,7.00,1.00,1.00,2.00,2.00,1.00
v1224,26045,5,2,7,2,48837,30,70,40,45,2,5,3,2,76.00,7.00,1.00,1.00,2.00,5.00,3.00
v1243,26049,6,2,7,3,48433,40,50,20,20,3,1,4,5,67.00,7.00,1.00,1.00,1.00,8.00,2.00
v1264,26021,5,1,7,3,49127,30,65,,10,1,3,3,1,76.00,7.00,1.00,1.00,2.00,5.00,4.00
v1277,26099,6,1,1,2,48036,20,70,3,2,1,1,1,4,68.00,7.00,1.00,1.00,2.00,10.00,4.00
v1294,26131,1,1,4,1,49912,20,60,3,3,1,1,2,5,72.00,7.00,1.00,1.00,2.00,10.00,4.00
v1301,26123,3,1,7,1,49349,65,30,10,,2,2,4,5,50.00,5.00,5.00,3.00,2.00,6.00,3.00
v1311,26077,5,1,4,3,49009,15,65,4,7,1,3,1,4,88.00,7.00,1.00,1.00,2.00,8.00,4.00
v1322,26091,6,2,7,2,49221,25,60,5,15,1,2,3,1,63.00,6.00,1.00,1.00,2.00,7.00,4.00
v1380,26099,6,2,1,3,48081,60,25,10,35,1,1,2,2,48.00,4.00,1.00,1.00,1.00,11.00,4.00
v1385,26081,3,1,4,1,49319,40,45,,,3,2,1,,79.00,7.00,1.00,1.00,2.00,,2.00
v1429,26099,6,1,0,2,48036,40,50,20,5,1,2,2,2,74.00,7.00,1.00,1.00,1.00,4.00,3.00
v1473,26045,5,1,7,3,48917,19,80,10,10,2,2,3,1,69.00,7.00,1.00,1.00,2.00,9.00,4.00
v1480,26099,6,2,4,3,48081,,,,,,,,,83.00,7.00,1.00,1.00,2.00,,2.00
v1510,26125,6,1,4,3,48307,25,65,5,6,2,2,1,1,68.00,7.00,1.00,1.00,2.00,8.00,4.00
v1514,26027,5,1,1,1,49120,15,60,3,6,2,1,2,5,58.00,5.00,1.00,1.00,1.00,10.00,4.00
v1515,26077,5,2,1,2,49012,3,4,3,3,3,2,4,2,78.00,7.00,1.00,1.00,2.00,3.00,4.00
v1519,26163,7,1,0,4,48202,30,70,20,15,1,2,4,5,57.00,5.00,2.00,2.00,1.00,7.00,3.00
v1540,26161,6,1,7,1,48118,40,60,15,7,2,3,2,1,74.00,7.00,1.00,1.00,1.00,8.00,3.00
v1546,26049,6,2,4,4,48506,,,,,1,4,4,4,76.00,7.00,1.00,1.00,2.00,4.00,3.00
v1550,26145,4,2,7,2,48601,50,60,50,50,1,3,1,4,58.00,5.00,2.00,2.00,1.00,5.00,2.00
v1551,26019,2,2,7,1,49635,20,70,5,10,1,2,3,2,78.00,7.00,1.00,1.00,2.00,4.00,4.00
v1555,26123,3,1,1,4,49412,25,60,5,8,3,2,3,5,73.00,7.00,1.00,1.00,2.00,7.00,3.00
v1569,26163,6,1,7,3,48128,40,55,5,20,1,5,2,4,70.00,7.00,1.00,1.00,2.00,7.00,4.00
v1571,26163,7,2,7,2,48202,95,80,40,30,1,4,4,2,72.00,7.00,2.00,2.00,2.00,1.00,4.00
v1574,26045,5,2,4,3,48917,15,85,4,35,1,1,,2,71.00,7.00,2.00,2.00,2.00,8.00,4.00
v1596,26147,6,1,7,2,48039,15,65,10,10,1,1,1,2,71.00,7.00,1.00,1.00,1.00,9.00,4.00
v1602,26055,2,1,4,2,49696,30,60,10,5,1,2,1,2,71.00,7.00,1.00,1.00,2.00,9.00,4.00
v1648,26069,2,2,4,2,48730,,,,,1,2,2,2,,,1.00,1.00,1.00,7.00,
v1688,26163,6,2,4,3,48154,40,50,25,10,2,1,1,2,71.00,7.00,1.00,1.00,2.00,10.00,4.00
v1693,26049,6,2,4,2,48507,35,50,8,2,1,3,1,4,80.00,7.00,1.00,1.00,2.00,7.00,3.00
v1694,26151,4,1,0,1,48450,32,60,,5,1,4,2,4,60.00,6.00,1.00,1.00,1.00,11.00,4.00
v1724,26075,5,1,4,1,49230,14,62,6,12,1,3,1,4,66.00,7.00,1.00,1.00,1.00,8.00,4.00
v1753,26121,3,1,7,2,49441,20,65,8,3,1,3,2,2,54.00,5.00,1.00,1.00,1.00,8.00,4.00
v1755,26125,6,1,4,3,48073,18,75,1,10,,,3,2,62.00,6.00,1.00,1.00,2.00,7.00,4.00
v1799,26135,2,1,7,1,48619,30,60,10,5,1,2,1,4,64.00,6.00,1.00,1.00,2.00,,3.00
v1816,26015,3,2,1,1,49021,25,50,25,2,1,2,1,4,65.00,7.00,1.00,1.00,2.00,5.00,3.00
v1836,26163,6,2,1,3,48154,,,,,3,2,1,5,74.00,7.00,1.00,1.00,2.00,,2.00
v1861,26077,5,1,7,2,49024,40,40,5,5,1,2,4,1,68.00,7.00,1.00,1.00,1.00,5.00,4.00
v1875,26023,5,2,4,1,49082,15,60,10,10,,,1,2,67.00,7.00,1.00,1.00,2.00,7.00,4.00
v1876,26065,5,1,4,2,48854,15,55,7,5,1,3,2,4,66.00,7.00,1.00,1.00,2.00,7.00,4.00
v1879,26099,6,1,4,3,48082,30,70,,,1,2,3,2,77.00,7.00,,1.00,2.00,9.00,4.00
v1886,26115,6,1,7,3,48161,35,60,5,2,1,2,2,4,61.00,6.00,1.00,1.00,2.00,10.00,2.00
v1914,26023,5,1,7,1,49089,15,50,7,10,,,2,2,68.00,7.00,1.00,1.00,2.00,10.00,4.00
v1930,26099,6,2,1,3,48038,40,50,20,25,1,4,4,1,79.00,7.00,1.00,1.00,2.00,5.00,4.00
v1960,26125,6,2,1,3,48329,40,50,5,25,3,1,1,2,67.00,7.00,1.00,1.00,2.00,5.00,4.00
v1982,26099,6,2,4,3,48316,40,60,20,20,1,3,2,2,80.00,7.00,1.00,1.00,2.00,3.00,4.00
v1994,26049,6,1,4,3,48439,18,65,15,5,1,3,2,2,67.00,7.00,1.00,1.00,2.00,7.00,4.00
v1998,26145,4,2,7,4,48602,40,40,20,20,1,2,2,2,76.00,7.00,1.00,1.00,2.00,5.00,2.00
v2023,26065,5,2,7,3,48864,30,65,2,7,1,1,3,2,65.00,7.00,1.00,1.00,1.00,10.00,4.00
v2035,26115,6,1,4,2,48161,2,45,10,2,1,4,2,5,68.00,7.00,1.00,1.00,2.00,3.00,3.00
v2036,26163,6,2,7,3,48187,20,60,10,,1,3,3,3,44.00,4.00,1.00,1.00,2.00,10.00,4.00
v2063,26025,5,2,4,2,49014,,,,,3,2,1,3,60.00,6.00,1.00,1.00,1.00,2.00,3.00
v2068,26015,3,1,1,1,49058,40,45,10,5,2,3,1,2,69.00,7.00,1.00,1.00,1.00,3.00,3.00
v2139,26049,6,1,1,3,48519,50,40,10,10,1,3,1,4,71.00,7.00,1.00,1.00,2.00,5.00,3.00
v2150,26109,1,2,7,1,49858,70,30,10,20,,,2,1,50.00,5.00,1.00,1.00,1.00,4.00,3.00
v2174,26075,5,2,7,3,49254,50,50,2,3,3,4,4,5,75.00,7.00,1.00,1.00,2.00,2.00,1.00
v2206,26125,6,1,7,3,48220,15,50,5,15,1,1,1,2,69.00,7.00,1.00,1.00,1.00,8.00,4.00
v2250,26109,1,1,7,2,49858,40,40,15,20,1,4,4,2,68.00,7.00,1.00,1.00,2.00,5.00,3.00
v2279,26099,6,2,4,3,48310,40,55,10,15,2,4,2,5,65.00,7.00,1.00,1.00,1.00,,3.00
v2305,26125,6,2,4,3,48075,,,,,1,2,,,74.00,7.00,2.00,2.00,2.00,7.00,3.00
v2323,26075,5,1,1,1,49269,20,40,5,3,1,3,2,4,71.00,7.00,1.00,1.00,2.00,6.00,2.00
v2333,26081,3,1,1,1,49341,13,85,10,3,1,2,1,5,76.00,7.00,1.00,1.00,2.00,6.00,2.00
v2344,26147,6,2,7,2,48059,50,40,20,25,2,4,2,2,69.00,7.00,1.00,1.00,2.00,8.00,4.00
v2365,26163,6,2,0,3,48124,,,,,1,3,3,1,26.00,2.00,1.00,1.00,1.00,10.00,4.00
v2372,26065,5,2,7,1,48895,20,50,5,5,1,5,4,1,75.00,7.00,1.00,1.00,2.00,10.00,4.00
v2387,26163,6,1,1,2,48187,30,60,10,10,1,2,1,1,72.00,7.00,1.00,1.00,2.00,8.00,4.00
v2398,26137,2,,,2,49795,,,,,1,3,1,4,,,,1.00,1.00,4.00,
v2446,26041,1,1,1,2,49829,9,70,2,3,3,2,1,5,74.00,7.00,1.00,1.00,2.00,3.00,4.00
v2456,26125,6,2,4,3,48360,30,80,15,5,1,1,2,5,78.00,7.00,1.00,1.00,2.00,9.00,3.00
v2458,26125,6,2,4,3,,12,67,1,1,1,2,1,,,,1.00,1.00,2.00,,4.00
v2481,26139,3,2,1,2,49456,50,50,25,5,1,4,1,5,53.00,5.00,1.00,1.00,2.00,8.00,3.00
v2482,26005,3,1,1,1,49335,30,55,10,15,1,1,4,2,84.00,7.00,1.00,1.00,2.00,4.00,3.00
v2491,26155,4,2,1,2,48449,40,60,40,20,1,1,1,5,76.00,7.00,1.00,1.00,2.00,4.00,2.00
v2509,26161,6,2,7,1,48178,12,80,10,20,,,3,5,78.00,7.00,1.00,1.00,2.00,8.00,4.00
v2511,26125,6,2,4,2,48025,35,55,10,15,1,5,3,5,56.00,5.00,1.00,1.00,1.00,11.00,2.00
v2516,26005,3,1,7,2,49348,30,45,10,15,1,2,1,5,64.00,6.00,1.00,1.00,1.00,7.00,2.00
v2517,26015,3,2,4,1,49333,,,,,3,2,,4,81.00,7.00,,1.00,2.00,4.00,4.00
v2550,26145,4,2,1,3,48603,43,52,19,38,2,4,1,4,54.00,5.00,1.00,1.00,1.00,10.00,4.00
v2578,26099,6,2,7,4,48089,7,83,5,10,1,2,1,1,79.00,7.00,1.00,1.00,2.00,3.00,3.00
v2632,26081,3,1,4,3,49345,,,,,2,3,,2,73.00,7.00,1.00,1.00,,6.00,4.00
v2648,26049,6,2,1,1,48415,,,,,,,,,,,,1.00,2.00,2.00,3.00
v2657,26125,6,1,4,3,48322,,,,,2,2,,,87.00,7.00,1.00,1.00,2.00,5.00,
v2662,26077,5,1,7,4,49001,,60,15,40,1,3,1,1,69.00,7.00,1.00,1.00,2.00,1.00,4.00
v2665,26077,5,1,4,2,49087,30,40,10,20,3,2,3,2,55.00,5.00,1.00,1.00,1.00,8.00,2.00
v2674,26155,4,1,4,1,48848,,,,,1,4,,,79.00,7.00,1.00,1.00,2.00,4.00,2.00
v2678,26099,6,2,7,3,48089,40,70,40,20,1,3,,,66.00,7.00,1.00,1.00,2.00,,4.00
v2682,26081,3,1,0,1,49345,,,,,2,1,,,77.00,7.00,1.00,1.00,2.00,4.00,3.00
v2694,26147,6,2,7,2,48060,45,55,30,50,,,4,5,66.00,7.00,1.00,1.00,2.00,7.00,3.00
v2710,26125,6,2,7,3,48237,50,30,20,50,1,2,4,1,69.00,7.00,2.00,2.00,2.00,6.00,4.00
v2723,26059,5,2,4,2,49266,,,,,1,4,3,4,72.00,7.00,1.00,1.00,2.00,5.00,2.00
v2760,26025,5,2,1,2,49017,50,50,0,25,1,2,1,2,69.00,7.00,1.00,1.00,2.00,2.00,2.00
v2768,26163,6,1,7,3,48124,15,70,5,10,3,1,2,2,72.00,7.00,1.00,1.00,2.00,7.00,4.00
v2779,26081,3,1,4,3,49509,35,50,5,20,1,4,1,2,77.00,7.00,1.00,1.00,2.00,3.00,2.00
v2783,26163,6,1,1,3,48188,17,70,15,8,2,1,2,2,58.00,5.00,1.00,1.00,1.00,7.00,3.00
v2792,26147,6,2,1,2,48060,15,75,10,17,2,3,1,2,83.00,7.00,1.00,1.00,2.00,1.00,3.00
v2794,26041,1,1,1,1,49837,15,75,1,4,1,3,2,2,72.00,7.00,1.00,1.00,2.00,8.00,4.00
v2805,26163,6,2,1,3,48168,20,60,3,9,3,1,1,5,74.00,7.00,1.00,1.00,2.00,5.00,4.00
v2811,26077,5,1,0,3,49002,20,65,5,10,3,3,1,2,65.00,7.00,1.00,1.00,2.00,5.00,3.00
v2812,26077,5,1,4,1,,,,,,2,3,1,5,54.00,5.00,1.00,1.00,1.00,7.00,2.00
v2814,26021,5,2,4,2,49085,40,50,10,25,2,5,2,5,78.00,7.00,1.00,1.00,2.00,5.00,4.00
v2847,26017,4,1,1,1,48635,,,,,1,2,2,2,92.00,7.00,,1.00,2.00,8.00,1.00
v2884,26161,6,1,7,2,48103,12,65,4,3,1,5,3,2,60.00,6.00,1.00,1.00,1.00,10.00,4.00
v2939,26049,6,1,4,1,48420,30,70,5,10,3,2,1,4,69.00,7.00,1.00,1.00,2.00,8.00,2.00
v2950,26017,4,1,4,1,48650,,,,,1,4,1,,80.00,7.00,1.00,1.00,2.00,3.00,2.00
v2979,26163,6,2,7,3,48168,30,55,6,12,1,3,3,1,74.00,7.00,1.00,1.00,2.00,11.00,4.00
v2982,26163,6,1,1,3,48141,,,25,10,1,3,4,1,77.00,7.00,2.00,2.00,2.00,6.00,3.00
v2992,26061,1,2,1,2,49913,,,,,2,3,1,5,75.00,7.00,1.00,1.00,2.00,5.00,4.00
v2994,26033,1,2,7,1,49748,30,40,10,20,3,1,3,5,58.00,5.00,1.00,1.00,2.00,8.00,3.00
v2995,26051,4,2,4,1,48624,40,50,30,25,3,2,4,1,66.00,7.00,1.00,1.00,2.00,3.00,4.00
v3012,26025,5,2,1,2,49017,40,40,10,15,1,4,2,1,73.00,7.00,1.00,1.00,2.00,5.00,3.00
v3048,26145,4,2,7,1,48616,30,70,5,10,3,1,4,1,68.00,7.00,1.00,1.00,2.00,5.00,3.00
v3051,26079,2,1,4,1,49646,,,,,3,2,1,5,51.00,5.00,1.00,1.00,1.00,5.00,3.00
v3056,26125,6,1,,4,48462,,,0,,1,3,1,1,79.00,7.00,1.00,1.00,,5.00,4.00
v3065,26163,6,2,1,2,48239,70,30,20,10,1,3,1,5,51.00,5.00,1.00,1.00,1.00,10.00,2.00
v3069,26065,5,1,7,3,48911,40,60,20,15,1,3,4,4,65.00,7.00,2.00,2.00,1.00,4.00,3.00
v3073,26099,6,2,4,2,48043,25,50,12,,1,3,3,5,82.00,7.00,1.00,1.00,2.00,,4.00
v3094,26073,4,1,1,1,48893,25,50,10,5,1,2,1,5,77.00,7.00,1.00,1.00,2.00,9.00,2.00
v3098,26111,4,1,4,2,48640,25,65,5,3,1,3,3,2,55.00,5.00,1.00,1.00,2.00,11.00,4.00
v3105,26125,6,2,0,3,48323,40,50,10,30,2,3,1,2,70.00,7.00,1.00,1.00,1.00,5.00,4.00
v3107,26125,6,1,7,1,48371,20,70,5,10,1,4,2,2,66.00,7.00,1.00,1.00,,8.00,3.00
v3111,26077,5,2,4,3,49004,30,60,25,10,1,1,,2,80.00,7.00,1.00,1.00,2.00,3.00,2.00
v3123,26099,6,1,0,2,48043,40,60,2,1,1,2,1,1,65.00,7.00,1.00,1.00,2.00,4.00,2.00
v3140,26033,1,2,4,1,49780,,,,,1,2,,5,61.00,6.00,1.00,1.00,2.00,2.00,2.00
v3142,26103,1,2,,,49849,,,,,1,2,,2,64.00,6.00,1.00,1.00,2.00,1.00,2.00
v3148,26141,2,2,7,,49765,,,,,,,4,2,79.00,7.00,1.00,1.00,2.00,,2.00
v3187,26049,6,2,4,4,48423,,,,,1,3,,,73.00,7.00,1.00,1.00,,,2.00
v3211,26025,5,2,7,2,49037,25,60,10,15,1,2,2,1,51.00,5.00,2.00,2.00,1.00,10.00,3.00
v3215,26163,7,1,7,4,48221,40,60,20,20,1,1,4,2,40.00,4.00,2.00,2.00,1.00,11.00,4.00
v3217,26163,6,1,4,2,48239,65,35,30,30,1,4,2,2,63.00,6.00,1.00,1.00,2.00,7.00,3.00
v3224,26099,6,1,7,3,48313,30,65,5,30,1,1,3,1,68.00,7.00,1.00,1.00,2.00,4.00,4.00
v3230,26081,3,1,7,3,49519,30,40,10,20,1,4,1,2,48.00,4.00,1.00,1.00,1.00,7.00,3.00
v3231,26163,6,1,1,2,48192,40,60,15,15,1,3,1,1,82.00,7.00,1.00,1.00,1.00,8.00,4.00
v3264,26163,7,2,0,4,48221,74,75,40,,3,1,,4,71.00,7.00,2.00,2.00,,3.00,3.00
v3265,26163,6,2,7,3,48230,50,50,20,10,1,3,4,1,77.00,7.00,1.00,1.00,1.00,6.00,3.00
v3282,26163,6,2,7,2,48184,,,,,1,2,1,2,74.00,7.00,1.00,1.00,2.00,,2.00
v3291,26103,1,2,7,2,49855,10,80,2,5,1,1,,,67.00,7.00,1.00,1.00,2.00,7.00,3.00
v3294,26007,2,2,4,1,49707,15,70,9,9,1,4,2,2,,,1.00,1.00,2.00,5.00,3.00
v3298,26141,2,2,1,1,49779,,,,,1,3,,,72.00,7.00,1.00,1.00,2.00,2.00,3.00
v3311,26025,5,1,4,2,49037,30,50,20,20,1,1,3,1,82.00,7.00,1.00,1.00,2.00,8.00,4.00
v3321,26099,6,1,4,3,48026,20,40,7,1,3,2,2,5,71.00,7.00,1.00,1.00,2.00,11.00,4.00
v3333,26093,6,2,7,3,48169,,60,,20,2,3,4,1,81.00,7.00,1.00,1.00,2.00,5.00,2.00
v3337,26147,6,2,4,2,48079,,60,30,,2,1,2,4,94.00,7.00,1.00,1.00,2.00,3.00,4.00
v3378,26081,3,2,1,2,49544,,,,,1,3,,,77.00,7.00,1.00,1.00,2.00,2.00,2.00
v3381,26163,6,2,4,3,48170,20,60,7,15,1,3,2,1,76.00,7.00,1.00,1.00,2.00,10.00,4.00
v3406,26125,6,2,4,3,48084,30,50,10,15,,,1,2,69.00,7.00,1.00,1.00,2.00,8.00,4.00
v3419,26075,5,2,1,1,49201,45,45,3,33,2,3,3,4,28.00,2.00,1.00,1.00,1.00,6.00,4.00
v3429,26161,6,2,4,2,48198,42,50,35,20,1,2,3,2,69.00,7.00,1.00,1.00,1.00,6.00,4.00
v3477,26081,3,1,4,3,49525,20,50,30,10,2,2,2,1,80.00,7.00,1.00,1.00,2.00,8.00,3.00
v3479,26081,3,1,7,4,49504,45,60,15,20,3,2,3,2,50.00,5.00,1.00,1.00,1.00,11.00,4.00
v3483,26161,6,2,7,1,48198,40,40,5,5,,,3,2,56.00,5.00,1.00,1.00,1.00,6.00,2.00
v3484,26163,6,2,0,2,48184,60,40,,,1,5,4,2,65.00,7.00,,1.00,2.00,2.00,3.00
v3488,26049,6,1,4,2,48423,,98,5,,2,2,2,5,75.00,7.00,1.00,1.00,2.00,7.00,4.00
v3494,26143,2,1,4,2,48629,15,60,5,5,1,4,3,1,68.00,7.00,1.00,1.00,2.00,2.00,3.00
v3498,26145,4,2,4,3,48638,40,45,5,2,1,1,3,1,75.00,7.00,1.00,1.00,2.00,7.00,4.00
v3508,26125,6,1,1,3,48067,5,85,,1,1,1,2,4,44.00,4.00,1.00,1.00,1.00,2.00,2.00
v3557,26093,6,2,4,1,48178,30,60,5,,1,2,3,2,68.00,7.00,1.00,1.00,2.00,8.00,3.00
v3560,26125,6,1,4,3,48025,18,52,8,10,1,3,2,1,66.00,7.00,1.00,1.00,2.00,,4.00
v3572,26065,5,2,7,4,48915,30,60,5,,1,3,2,2,70.00,7.00,1.00,1.00,2.00,5.00,3.00
v3599,26111,4,2,7,2,48657,75,50,,,,5,,2,68.00,7.00,1.00,1.00,2.00,3.00,3.00
v6015,26021,5,1,4,1,49022,25,65,10,,3,1,,4,71.00,7.00,1.00,1.00,2.00,5.00,3.00
v6126,26031,2,1,1,2,49749,25,25,4,10,1,1,3,5,76.00,7.00,1.00,1.00,1.00,6.00,4.00
v6329,26163,6,2,7,3,48170,55,35,5,10,2,1,3,1,76.00,7.00,1.00,1.00,2.00,6.00,4.00
v6408,26159,5,1,1,1,49079,40,50,10,4,1,1,1,5,30.00,3.00,1.00,1.00,1.00,9.00,4.00
v6475,26065,5,2,4,1,48895,15,30,10,18,,3,1,4,59.00,5.00,1.00,1.00,2.00,,4.00
v6486,26163,6,1,1,3,48180,,,,,2,1,1,2,70.00,7.00,1.00,1.00,2.00,7.00,4.00
v6517,26025,5,1,1,1,49014,30,60,10,10,1,5,1,1,85.00,7.00,1.00,1.00,2.00,7.00,3.00
v6604,26125,6,1,1,1,48371,14,80,2,1,3,1,2,,75.00,7.00,,1.00,2.00,7.00,3.00
v6630,26045,5,1,1,1,48813,35,60,2,10,1,3,1,2,65.00,7.00,1.00,1.00,1.00,10.00,4.00
v6725,26099,6,1,1,3,48036,13,70,1,1,1,1,1,5,85.00,7.00,1.00,1.00,2.00,6.00,3.00
v6755,26163,6,1,7,2,48134,13,67,5,1,1,2,1,5,45.00,4.00,1.00,1.00,1.00,11.00,4.00
v6760,26129,2,1,7,1,48661,45,50,5,100,3,1,4,2,60.00,6.00,1.00,1.00,2.00,2.00,2.00
v6765,26065,5,1,0,4,48906,30,60,10,10,1,3,4,1,70.00,7.00,2.00,2.00,2.00,10.00,4.00
v6822,26081,3,2,7,2,49341,35,65,5,15,2,2,3,,78.00,7.00,1.00,1.00,2.00,5.00,4.00
v6841,26161,6,2,4,2,48130,30,60,18,10,3,2,2,2,45.00,4.00,1.00,1.00,1.00,11.00,3.00
v6868,26117,3,2,1,1,48888,20,70,5,3,2,3,2,2,76.00,7.00,1.00,1.00,2.00,6.00,3.00
v6892,26005,3,1,1,1,49408,15,70,2,15,1,4,2,4,63.00,6.00,1.00,1.00,1.00,7.00,3.00
v7008,26119,2,1,0,1,49709,20,50,30,30,1,2,1,5,72.00,7.00,,1.00,2.00,5.00,4.00
v7048,26145,4,1,7,2,48602,,,,,,3,,,73.00,7.00,2.00,2.00,2.00,3.00,2.00
v7157,26163,6,1,1,3,48152,38,48,4,15,1,2,1,5,73.00,7.00,,1.00,2.00,11.00,4.00
v7180,26163,6,1,4,3,48195,40,45,5,5,1,2,2,4,18.00,1.00,1.00,1.00,1.00,11.00,2.00
v7209,26073,4,2,7,2,48858,,,,,1,2,,,66.00,7.00,1.00,1.00,2.00,1.00,4.00
v7253,26161,6,1,1,2,48105,13,80,2,2,3,3,2,4,73.00,7.00,1.00,1.00,1.00,11.00,4.00
v7444,26049,6,2,4,3,48439,30,50,5,10,1,3,2,2,38.00,3.00,1.00,1.00,2.00,11.00,4.00
v7494,26155,4,2,1,1,48857,30,30,40,20,3,2,3,2,81.00,7.00,1.00,1.00,2.00,5.00,3.00
v7496,26137,2,1,4,1,49735,,,,,1,2,,4,69.00,7.00,5.00,3.00,2.00,,2.00
v7578,26099,6,2,7,3,48044,50,40,10,35,,2,2,5,55.00,5.00,1.00,1.00,1.00,11.00,4.00
v7582,26037,4,2,7,2,48879,,,,,1,5,3,1,78.00,7.00,1.00,1.00,1.00,3.00,2.00
v7763,26099,6,1,4,2,48047,46,54,15,8,1,4,2,4,75.00,7.00,1.00,1.00,1.00,8.00,4.00
v7775,26029,2,2,7,1,49712,,70,,,1,3,1,2,63.00,6.00,1.00,1.00,2.00,8.00,3.00
v7839,26121,3,1,4,3,48240,70,40,50,25,3,2,4,1,51.00,5.00,2.00,2.00,2.00,4.00,1.00